,Unnamed: 0,user_id,timestamp,event_type,duration_seconds,date
0,0,u0166,2026-02-28T10:29:30,click,46.0,2026-02-28
1,1,u0007,2026-01-25T06:45:26,login,348.0,2026-01-25
2,2,u0054,2026-04-28T00:51:56,click,54.0,2026-04-28
3,3,u0082,2026-04-06T23:44:55,scroll,36.0,2026-04-06
4,4,u0009,2026-04-26T20:20:16,login,0.0,2026-04-26
5,6,u0015,2026-03-12T08:10:17,scroll,13.0,2026-03-12
6,8,u0047,2026-02-26T11:58:27,click,150.0,2026-02-26
7,9,u0027,2026-02-09T22:48:02,click,388.0,2026-02-09
8,10,u0094,2026-02-22T01:57:46,scroll,125.0,2026-02-22
9,12,u0178,2026-03-30T06:52:07,click,124.0,2026-03-30
10,13,u0190,2026-02-12T23:59:26,view,13.0,2026-02-12
11,14,u0037,2026-03-18T17:19:57,click,131.0,2026-03-18
12,15,u0192,2026-04-09T05:51:21,scroll,230.0,2026-04-09
13,17,u0018,2026-04-28T16:06:36,purchase,33.0,2026-04-28
14,20,u0049,2026-01-22T13:52:52,click,29.0,2026-01-22
15,21,u0012,2026-04-21T10:15:09,view,37.0,2026-04-21
16,22,u0069,2026-04-17T12:55:24,login,13.0,2026-04-17
17,23,u0108,2026-04-27T08:38:54,view,39.0,2026-04-27
18,25,u0099,2026-02-28T11:32:46,view,151.0,2026-02-28
19,27,u0124,2026-02-24T21:00:50,login,19.0,2026-02-24
20,28,u0189,2026-01-15T15:21:11,view,163.0,2026-01-15
21,29,u0055,2026-02-25T22:28:06,login,134.0,2026-02-25
22,30,u0184,2026-02-13T17:35:03,scroll,74.0,2026-02-13
23,31,u0198,2026-03-02T11:07:20,login,74.0,2026-03-02
24,32,u0091,2026-03-02T01:46:26,login,117.0,2026-03-02
25,33,u0186,2026-01-06T14:06:27,click,52.0,2026-01-06
26,34,u0164,2026-02-15T05:04:35,purchase,282.0,2026-02-15
27,35,u0034,2026-01-17T12:28:20,purchase,58.0,2026-01-17
28,36,u0056,2026-01-25T16:54:20,scroll,0.0,2026-01-25
29,37,u0155,2026-02-23T01:37:59,view,142.0,2026-02-23
30,38,u0128,2026-01-10T04:41:01,view,224.0,2026-01-10
31,39,u0165,2026-04-16T01:56:21,login,84.0,2026-04-16
32,40,u0002,2026-01-17T17:41:21,purchase,4.0,2026-01-17
33,41,u0188,2026-03-28T14:55:10,scroll,0.0,2026-03-28
34,44,u0020,2026-04-09T19:45:50,click,26.0,2026-04-09
35,46,u0011,2026-03-26T12:46:35,scroll,22.0,2026-03-26
36,48,u0184,2026-01-06T19:22:08,login,63.0,2026-01-06
37,49,u0006,2026-04-17T17:33:02,view,231.0,2026-04-17
38,50,u0026,2026-04-01T23:41:12,view,66.0,2026-04-01
39,51,u0102,2026-03-17T02:34:02,click,136.0,2026-03-17
40,53,u0040,2026-03-16T05:15:53,login,108.0,2026-03-16
41,54,u0040,2026-03-26T21:54:32,click,57.0,2026-03-26
42,55,u0191,2026-02-13T23:11:29,scroll,71.0,2026-02-13
43,56,u0053,2026-01-24T04:49:40,view,8.0,2026-01-24
44,57,u0010,2026-03-16T03:39:33,login,71.0,2026-03-16
45,58,u0012,2026-04-24T08:43:25,purchase,126.0,2026-04-24
46,59,u0095,2026-03-24T14:15:27,login,88.0,2026-03-24
47,60,u0139,2026-02-21T02:47:55,view,22.0,2026-02-21
48,61,u0181,2026-04-17T19:21:02,view,38.0,2026-04-17
49,62,u0177,2026-01-25T05:59:20,click,119.0,2026-01-25
50,63,u0126,2026-04-27T12:53:38,click,316.0,2026-04-27
51,64,u0152,2026-01-26T02:25:22,login,243.0,2026-01-26
52,65,u0031,2026-01-23T14:43:52,login,144.0,2026-01-23
53,66,u0135,2026-04-18T04:12:44,click,118.0,2026-04-18
54,67,u0070,2026-01-15T18:57:14,view,23.0,2026-01-15
55,69,u0024,2026-03-03T11:34:42,click,31.0,2026-03-03
56,71,u0096,2026-02-19T04:45:05,view,201.0,2026-02-19
57,72,u0159,2026-01-23T05:04:50,view,142.0,2026-01-23
58,73,u0140,2026-02-14T12:08:49,view,27.0,2026-02-14
59,74,u0172,2026-02-26T00:10:29,scroll,17.0,2026-02-26
60,75,u0042,2026-04-12T14:18:00,scroll,0.0,2026-04-12
61,76,u0191,2026-03-31T17:51:05,scroll,39.0,2026-03-31
62,77,u0060,2026-03-03T13:11:21,click,105.0,2026-03-03
63,78,u0066,2026-01-08T15:34:11,click,141.0,2026-01-08
64,79,u0034,2026-03-23T01:22:52,purchase,31.0,2026-03-23
65,81,u0039,2026-01-09T19:59:30,login,38.0,2026-01-09
66,82,u0048,2026-01-05T00:25:50,click,33.0,2026-01-05
67,83,u0095,2026-04-15T16:01:40,scroll,22.0,2026-04-15
68,84,u0160,2026-04-30T01:19:52,view,70.0,2026-04-30
69,85,u0179,2026-01-30T20:02:09,login,65.0,2026-01-30
70,86,u0138,2026-02-13T18:46:28,view,134.0,2026-02-13
71,87,u0094,2026-02-04T23:48:15,click,61.0,2026-02-04
72,88,u0028,2026-03-13T20:58:41,view,49.0,2026-03-13
73,91,u0096,2026-03-17T21:11:00,view,6.0,2026-03-17
74,93,u0113,2026-01-04T21:29:28,scroll,206.0,2026-01-04
75,94,u0195,2026-04-14T11:44:27,login,43.0,2026-04-14
76,95,u0185,2026-04-14T20:43:17,click,129.0,2026-04-14
77,98,u0032,2026-01-21T18:33:32,click,16.0,2026-01-21
78,99,u0131,2026-03-17T10:58:34,view,94.0,2026-03-17
79,100,u0157,2026-01-18T23:09:37,purchase,31.0,2026-01-18
80,101,u0130,2026-01-31T13:59:03,view,37.0,2026-01-31
81,102,u0015,2026-04-16T14:10:24,scroll,37.0,2026-04-16
82,103,u0049,2026-03-11T04:12:00,login,35.0,2026-03-11
83,104,u0170,2026-01-30T15:42:01,scroll,85.0,2026-01-30
84,105,u0073,2026-02-06T15:30:31,click,12.0,2026-02-06
85,106,u0091,2026-04-09T18:21:41,purchase,11.0,2026-04-09
86,107,u0106,2026-04-23T05:22:06,click,46.0,2026-04-23
87,108,u0074,2026-04-02T16:06:28,login,121.0,2026-04-02
88,109,u0200,2026-04-14T03:45:23,scroll,126.0,2026-04-14
89,111,u0149,2026-01-18T02:16:10,scroll,18.0,2026-01-18
90,112,u0184,2026-01-20T02:25:56,login,26.0,2026-01-20
91,113,u0167,2026-01-25T22:08:46,purchase,15.0,2026-01-25
92,114,u0191,2026-02-11T19:26:21,view,288.0,2026-02-11
93,115,u0134,2026-03-12T00:06:28,view,52.0,2026-03-12
94,116,u0140,2026-04-13T09:02:49,click,89.0,2026-04-13
95,117,u0168,2026-02-16T11:49:00,purchase,10.0,2026-02-16
96,118,u0147,2026-02-06T09:54:29,login,171.0,2026-02-06
97,119,u0148,2026-03-03T07:44:16,view,9.0,2026-03-03
98,120,u0135,2026-04-12T00:19:42,purchase,184.0,2026-04-12
99,121,u0153,2026-01-22T19:43:14,view,76.0,2026-01-22
100,123,u0147,2026-02-18T05:02:13,scroll,507.0,2026-02-18
101,124,u0001,2026-01-22T02:05:58,login,28.0,2026-01-22
102,125,u0117,2026-01-26T19:31:42,click,61.0,2026-01-26
103,126,u0027,2026-03-14T08:00:35,scroll,16.0,2026-03-14
104,127,u0155,2026-01-24T02:21:30,purchase,172.0,2026-01-24
105,128,u0073,2026-02-10T11:15:55,login,62.0,2026-02-10
106,129,u0188,2026-02-13T13:07:59,login,115.0,2026-02-13
107,130,u0182,2026-02-28T20:52:04,login,42.0,2026-02-28
108,131,u0093,2026-03-16T08:22:52,click,49.0,2026-03-16
109,132,u0031,2026-03-17T20:41:21,login,44.0,2026-03-17
110,133,u0035,2026-01-01T05:28:58,purchase,39.0,2026-01-01
111,134,u0117,2026-01-31T00:27:15,purchase,167.0,2026-01-31
112,135,u0193,2026-02-06T15:49:50,view,7.0,2026-02-06
113,136,u0147,2026-01-14T18:39:44,view,31.0,2026-01-14
114,137,u0173,2026-04-26T18:10:24,login,50.0,2026-04-26
115,138,u0045,2026-03-02T23:52:07,purchase,67.0,2026-03-02
116,139,u0039,2026-04-09T12:43:31,purchase,43.0,2026-04-09
117,140,u0023,2026-02-08T11:56:54,scroll,69.0,2026-02-08
118,141,u0083,2026-03-23T13:33:03,click,167.0,2026-03-23
119,142,u0197,2026-02-11T22:30:25,scroll,20.0,2026-02-11
120,143,u0149,2026-04-06T13:16:26,scroll,32.0,2026-04-06
121,145,u0082,2026-01-08T02:22:14,purchase,18.0,2026-01-08
122,146,u0174,2026-03-16T22:49:09,login,154.0,2026-03-16
123,147,u0144,2026-04-24T03:48:22,scroll,25.0,2026-04-24
124,148,u0070,2026-04-10T11:23:00,view,0.0,2026-04-10
125,150,u0054,2026-02-07T16:58:58,click,38.0,2026-02-07
126,152,u0024,2026-02-27T20:33:48,purchase,48.0,2026-02-27
127,153,u0194,2026-04-29T02:16:14,view,94.0,2026-04-29
128,154,u0023,2026-03-15T23:45:55,purchase,48.0,2026-03-15
129,155,u0098,2026-01-11T18:25:18,click,5.0,2026-01-11
130,156,u0179,2026-01-17T03:44:21,view,87.0,2026-01-17
131,157,u0023,2026-03-22T07:42:11,purchase,195.0,2026-03-22
132,160,u0117,2026-04-24T08:10:23,view,24.0,2026-04-24
133,161,u0164,2026-01-16T08:51:01,purchase,20.0,2026-01-16
134,162,u0180,2026-04-16T12:55:27,scroll,22.0,2026-04-16
135,163,u0130,2026-03-30T19:03:31,view,0.0,2026-03-30
136,164,u0189,2026-02-08T20:50:05,scroll,17.0,2026-02-08
137,165,u0174,2026-04-11T09:00:47,scroll,38.0,2026-04-11
138,166,u0043,2026-02-02T13:09:00,click,78.0,2026-02-02
139,167,u0114,2026-02-23T10:42:13,view,0.0,2026-02-23
140,169,u0007,2026-03-16T06:10:43,purchase,89.0,2026-03-16
141,170,u0018,2026-01-12T05:04:15,login,44.0,2026-01-12
142,172,u0170,2026-04-27T05:04:26,view,68.0,2026-04-27
143,173,u0106,2026-01-18T19:27:02,login,31.0,2026-01-18
144,174,u0184,2026-01-25T06:54:04,scroll,174.0,2026-01-25
145,177,u0065,2026-03-29T23:14:51,login,0.0,2026-03-29
146,178,u0021,2026-02-07T01:45:20,login,0.0,2026-02-07
147,179,u0001,2026-01-25T15:42:24,view,159.0,2026-01-25
148,180,u0118,2026-03-07T10:33:11,click,44.0,2026-03-07
149,181,u0198,2026-04-23T07:54:49,scroll,65.0,2026-04-23
150,184,u0078,2026-03-08T00:17:50,view,42.0,2026-03-08
151,185,u0123,2026-02-27T09:57:37,scroll,85.0,2026-02-27
152,186,u0021,2026-04-04T23:15:11,view,122.0,2026-04-04
153,187,u0115,2026-03-01T11:51:22,click,140.0,2026-03-01
154,188,u0027,2026-04-02T17:36:33,click,95.0,2026-04-02
155,189,u0127,2026-03-01T05:59:23,view,88.0,2026-03-01
156,191,u0102,2026-04-11T19:55:19,view,44.0,2026-04-11
157,192,u0160,2026-04-14T06:02:56,click,91.0,2026-04-14
158,194,u0150,2026-01-23T22:36:33,view,19.0,2026-01-23
159,195,u0070,2026-01-04T01:20:14,login,10.0,2026-01-04
160,196,u0139,2026-04-04T07:10:18,click,18.0,2026-04-04
161,197,u0030,2026-02-19T20:50:13,click,12.0,2026-02-19
162,198,u0089,2026-03-05T13:00:00,click,22.0,2026-03-05
163,199,u0007,2026-02-19T12:33:23,view,223.0,2026-02-19
164,200,u0183,2026-01-31T12:16:18,click,77.0,2026-01-31
165,201,u0041,2026-04-09T16:21:50,view,268.0,2026-04-09
166,203,u0086,2026-01-07T00:02:17,purchase,42.0,2026-01-07
167,205,u0040,2026-01-13T19:49:12,click,31.0,2026-01-13
168,206,u0192,2026-02-25T03:10:40,click,48.0,2026-02-25
169,207,u0016,2026-02-17T15:01:25,login,43.0,2026-02-17
170,208,u0042,2026-02-17T06:02:19,scroll,3.0,2026-02-17
171,209,u0154,2026-04-08T10:52:57,scroll,45.0,2026-04-08
172,210,u0121,2026-02-19T21:22:52,view,237.0,2026-02-19
173,211,u0148,2026-02-16T22:24:15,click,63.0,2026-02-16
174,212,u0081,2026-03-05T23:59:17,click,22.0,2026-03-05
175,213,u0133,2026-04-06T10:54:37,click,159.0,2026-04-06
176,215,u0008,2026-04-26T14:03:45,view,74.0,2026-04-26
177,216,u0146,2026-01-02T11:54:34,scroll,39.0,2026-01-02
178,217,u0048,2026-03-05T05:29:09,purchase,95.0,2026-03-05
179,218,u0167,2026-01-02T21:22:01,login,231.0,2026-01-02
180,219,u0021,2026-03-31T03:57:32,click,55.0,2026-03-31
181,220,u0123,2026-04-27T14:36:12,login,16.0,2026-04-27
182,221,u0059,2026-04-30T19:50:41,scroll,97.0,2026-04-30
183,222,u0031,2026-02-23T22:19:55,scroll,4.0,2026-02-23
184,223,u0043,2026-03-05T06:58:29,purchase,95.0,2026-03-05
185,224,u0091,2026-01-30T06:26:53,click,83.0,2026-01-30
186,226,u0101,2026-03-29T05:26:31,click,212.0,2026-03-29
187,228,u0132,2026-04-18T00:51:55,purchase,35.0,2026-04-18
188,230,u0041,2026-02-13T05:08:57,click,84.0,2026-02-13
189,231,u0026,2026-01-08T01:38:33,scroll,310.0,2026-01-08
190,232,u0066,2026-02-09T14:11:19,purchase,125.0,2026-02-09
191,233,u0154,2026-03-07T09:32:10,purchase,116.0,2026-03-07
192,234,u0057,2026-01-24T07:22:47,scroll,25.0,2026-01-24
193,235,u0043,2026-01-18T15:59:39,view,42.0,2026-01-18
194,236,u0173,2026-01-31T10:26:44,login,438.0,2026-01-31
195,237,u0002,2026-02-18T12:10:08,view,208.0,2026-02-18
196,238,u0023,2026-03-03T08:17:09,click,13.0,2026-03-03
197,241,u0037,2026-04-28T21:24:15,login,42.0,2026-04-28
198,242,u0088,2026-02-13T22:08:46,login,13.0,2026-02-13
199,243,u0150,2026-04-02T02:10:20,login,141.0,2026-04-02
200,244,u0154,2026-04-09T12:18:58,purchase,25.0,2026-04-09
201,245,u0091,2026-02-02T13:46:33,click,133.0,2026-02-02
202,246,u0029,2026-02-25T10:06:56,purchase,21.0,2026-02-25
203,248,u0050,2026-03-12T01:59:37,scroll,19.0,2026-03-12
204,249,u0159,2026-03-08T00:25:29,view,244.0,2026-03-08
205,250,u0003,2026-04-21T11:49:53,scroll,133.0,2026-04-21
206,251,u0025,2026-04-17T09:21:02,purchase,9.0,2026-04-17
207,252,u0030,2026-01-07T06:45:35,login,60.0,2026-01-07
208,253,u0115,2026-04-05T19:05:37,scroll,25.0,2026-04-05
209,258,u0040,2026-04-10T11:39:35,purchase,21.0,2026-04-10
210,260,u0111,2026-02-04T13:13:54,purchase,51.0,2026-02-04
211,262,u0142,2026-02-18T18:48:34,click,93.0,2026-02-18
212,263,u0013,2026-03-12T00:16:21,scroll,7.0,2026-03-12
213,264,u0091,2026-03-16T10:28:02,login,99.0,2026-03-16
214,267,u0156,2026-03-03T04:33:41,click,41.0,2026-03-03
215,268,u0162,2026-01-09T06:03:03,login,34.0,2026-01-09
216,269,u0046,2026-03-08T21:30:41,purchase,58.0,2026-03-08
217,270,u0187,2026-01-16T23:12:58,click,32.0,2026-01-16
218,271,u0164,2026-04-09T14:37:04,view,54.0,2026-04-09
219,273,u0064,2026-02-18T12:04:14,view,89.0,2026-02-18
220,274,u0003,2026-04-02T22:34:36,click,33.0,2026-04-02
221,276,u0054,2026-02-18T17:57:42,login,71.0,2026-02-18
222,277,u0188,2026-03-01T03:05:19,purchase,60.0,2026-03-01
223,278,u0149,2026-02-27T15:05:58,click,30.0,2026-02-27
224,280,u0197,2026-01-03T11:58:54,click,28.0,2026-01-03
225,281,u0030,2026-01-04T05:41:26,login,28.0,2026-01-04
226,282,u0173,2026-03-30T02:57:30,click,87.0,2026-03-30
227,283,u0161,2026-03-16T21:26:37,purchase,11.0,2026-03-16
228,284,u0017,2026-04-16T09:25:32,purchase,0.0,2026-04-16
229,285,u0063,2026-03-03T18:33:00,click,30.0,2026-03-03
230,286,u0013,2026-04-16T05:14:49,click,18.0,2026-04-16
231,287,u0091,2026-03-01T05:29:09,view,30.0,2026-03-01
232,291,u0129,2026-04-18T18:06:57,purchase,77.0,2026-04-18
233,293,u0189,2026-02-21T06:24:29,login,311.0,2026-02-21
234,294,u0001,2026-01-18T10:49:22,login,36.0,2026-01-18
235,295,u0095,2026-02-19T05:25:42,view,132.0,2026-02-19
236,296,u0060,2026-03-10T11:51:50,login,341.0,2026-03-10
237,297,u0099,2026-01-18T04:24:06,scroll,158.0,2026-01-18
238,298,u0103,2026-04-30T20:51:50,scroll,89.0,2026-04-30
239,299,u0095,2026-04-03T19:16:32,login,23.0,2026-04-03
240,300,u0069,2026-04-09T15:43:09,purchase,31.0,2026-04-09
241,301,u0093,2026-01-06T18:18:11,view,189.0,2026-01-06
242,303,u0066,2026-04-26T23:22:29,purchase,208.0,2026-04-26
243,304,u0057,2026-04-30T16:49:41,view,78.0,2026-04-30
244,305,u0114,2026-02-14T03:48:58,click,297.0,2026-02-14
245,306,u0090,2026-03-14T18:59:18,view,38.0,2026-03-14
246,307,u0172,2026-02-03T20:33:14,click,147.0,2026-02-03
247,308,u0006,2026-01-15T01:50:03,purchase,56.0,2026-01-15
248,309,u0069,2026-01-23T22:06:18,click,125.0,2026-01-23
249,310,u0043,2026-04-13T17:53:04,purchase,65.0,2026-04-13
250,311,u0173,2026-03-27T11:01:50,view,180.0,2026-03-27
251,313,u0114,2026-01-23T05:36:59,purchase,184.0,2026-01-23
252,314,u0112,2026-03-04T11:15:34,login,332.0,2026-03-04
253,315,u0160,2026-04-28T18:46:05,view,39.0,2026-04-28
254,316,u0038,2026-04-09T11:09:16,purchase,11.0,2026-04-09
255,317,u0129,2026-01-20T07:19:10,scroll,113.0,2026-01-20
256,318,u0192,2026-04-22T18:10:12,purchase,72.0,2026-04-22
257,319,u0114,2026-04-06T04:11:30,login,188.0,2026-04-06
258,321,u0003,2026-03-19T20:19:32,view,30.0,2026-03-19
259,323,u0052,2026-04-19T02:46:44,login,58.0,2026-04-19
260,324,u0155,2026-03-20T15:10:11,click,23.0,2026-03-20
261,325,u0124,2026-01-22T01:20:14,scroll,112.0,2026-01-22
262,326,u0167,2026-02-16T00:23:27,click,15.0,2026-02-16
263,327,u0117,2026-03-14T09:25:22,login,223.0,2026-03-14
264,328,u0114,2026-04-11T03:52:33,click,62.0,2026-04-11
265,329,u0034,2026-02-24T18:48:16,scroll,1060.0,2026-02-24
266,331,u0129,2026-02-11T13:58:38,click,148.0,2026-02-11
267,332,u0058,2026-01-03T14:59:03,click,57.0,2026-01-03
268,333,u0171,2026-03-24T04:07:17,scroll,31.0,2026-03-24
269,334,u0122,2026-04-13T14:52:57,purchase,54.0,2026-04-13
270,335,u0143,2026-01-15T11:25:57,view,98.0,2026-01-15
271,336,u0114,2026-03-02T18:45:03,click,27.0,2026-03-02
272,337,u0116,2026-04-12T07:39:42,click,49.0,2026-04-12
273,339,u0178,2026-03-22T01:31:33,click,80.0,2026-03-22
274,340,u0163,2026-04-12T09:56:23,view,102.0,2026-04-12
275,341,u0177,2026-04-30T04:02:13,purchase,366.0,2026-04-30
276,342,u0091,2026-01-19T10:41:04,view,179.0,2026-01-19
277,343,u0135,2026-02-03T19:01:36,scroll,2.0,2026-02-03
278,345,u0030,2026-03-03T19:48:49,scroll,25.0,2026-03-03
279,346,u0108,2026-03-20T13:14:08,view,45.0,2026-03-20
280,347,u0125,2026-03-22T02:20:21,login,89.0,2026-03-22
281,348,u0093,2026-02-17T17:08:19,view,73.0,2026-02-17
282,349,u0128,2026-03-09T16:57:58,scroll,718.0,2026-03-09
283,351,u0190,2026-03-02T22:01:47,view,138.0,2026-03-02
284,352,u0050,2026-01-30T07:02:43,scroll,0.0,2026-01-30
285,353,u0165,2026-02-05T05:08:51,scroll,22.0,2026-02-05
286,354,u0065,2026-04-02T10:59:20,click,36.0,2026-04-02
287,355,u0030,2026-03-07T19:34:56,view,6.0,2026-03-07
288,356,u0028,2026-04-12T05:33:12,purchase,21.0,2026-04-12
289,357,u0110,2026-03-08T09:06:16,click,90.0,2026-03-08
290,358,u0172,2026-02-08T16:02:42,scroll,93.0,2026-02-08
291,359,u0149,2026-01-04T16:44:32,purchase,60.0,2026-01-04
292,360,u0078,2026-02-20T14:13:08,purchase,55.0,2026-02-20
293,361,u0086,2026-01-22T16:41:49,login,45.0,2026-01-22
294,363,u0172,2026-04-09T09:52:41,purchase,8.0,2026-04-09
295,364,u0089,2026-03-03T22:33:49,view,87.0,2026-03-03
296,365,u0152,2026-02-14T18:25:29,purchase,24.0,2026-02-14
297,366,u0094,2026-03-09T01:56:40,purchase,54.0,2026-03-09
298,368,u0159,2026-02-17T15:00:44,click,193.0,2026-02-17
299,369,u0105,2026-02-26T11:24:34,click,8.0,2026-02-26
300,370,u0131,2026-02-21T22:08:31,login,67.0,2026-02-21
301,371,u0056,2026-04-19T09:12:00,click,29.0,2026-04-19
302,372,u0194,2026-03-07T04:23:12,view,39.0,2026-03-07
303,373,u0094,2026-04-18T22:10:00,scroll,109.0,2026-04-18
304,374,u0035,2026-01-29T19:01:56,view,1068.0,2026-01-29
305,375,u0064,2026-04-16T01:08:14,click,34.0,2026-04-16
306,377,u0101,2026-01-07T13:17:54,login,108.0,2026-01-07
307,378,u0172,2026-02-20T12:51:50,login,31.0,2026-02-20
308,379,u0189,2026-04-15T02:31:32,login,33.0,2026-04-15
309,381,u0029,2026-01-19T14:14:25,view,78.0,2026-01-19
310,382,u0032,2026-04-30T19:55:15,click,70.0,2026-04-30
311,383,u0069,2026-02-26T17:54:52,view,68.0,2026-02-26
312,384,u0032,2026-02-02T16:21:43,purchase,209.0,2026-02-02
313,385,u0129,2026-04-24T05:21:14,login,51.0,2026-04-24
314,386,u0038,2026-01-26T18:03:34,login,102.0,2026-01-26
315,388,u0186,2026-04-03T23:05:20,click,146.0,2026-04-03
316,389,u0100,2026-03-26T06:15:52,view,57.0,2026-03-26
317,390,u0067,2026-01-17T11:35:41,view,58.0,2026-01-17
318,391,u0175,2026-01-27T09:45:38,view,612.0,2026-01-27
319,392,u0169,2026-01-18T13:30:13,purchase,32.0,2026-01-18
320,393,u0005,2026-01-18T02:02:29,purchase,23.0,2026-01-18
321,395,u0187,2026-03-02T13:00:27,purchase,0.0,2026-03-02
322,396,u0009,2026-02-21T03:31:44,view,351.0,2026-02-21
323,397,u0099,2026-01-09T12:05:39,click,99.0,2026-01-09
324,398,u0041,2026-01-15T22:01:27,login,1343.0,2026-01-15
325,399,u0134,2026-04-03T10:29:04,login,78.0,2026-04-03
326,400,u0166,2026-02-23T02:34:52,click,184.0,2026-02-23
327,401,u0093,2026-02-01T19:29:09,purchase,43.0,2026-02-01
328,403,u0085,2026-03-28T00:24:18,view,58.0,2026-03-28
329,405,u0089,2026-02-13T02:05:56,login,42.0,2026-02-13
330,406,u0072,2026-04-18T15:06:39,purchase,50.0,2026-04-18
331,407,u0070,2026-01-11T09:26:05,scroll,68.0,2026-01-11
332,408,u0039,2026-01-02T00:28:27,login,92.0,2026-01-02
333,410,u0077,2026-01-26T00:34:36,login,144.0,2026-01-26
334,411,u0050,2026-02-21T05:23:45,scroll,22.0,2026-02-21
335,412,u0065,2026-01-29T07:48:31,purchase,12.0,2026-01-29
336,413,u0175,2026-04-27T21:35:59,scroll,140.0,2026-04-27
337,415,u0173,2026-01-06T07:58:07,view,13.0,2026-01-06
338,416,u0086,2026-03-03T18:04:12,view,17.0,2026-03-03
339,417,u0173,2026-03-19T04:03:30,purchase,216.0,2026-03-19
340,418,u0111,2026-04-18T05:35:52,purchase,5.0,2026-04-18
341,419,u0004,2026-03-02T00:24:45,login,132.0,2026-03-02
342,421,u0069,2026-01-14T17:26:01,scroll,5.0,2026-01-14
343,423,u0079,2026-03-24T03:28:24,click,52.0,2026-03-24
344,425,u0123,2026-01-18T05:23:43,click,15.0,2026-01-18
345,426,u0124,2026-04-21T00:30:29,purchase,69.0,2026-04-21
346,427,u0103,2026-01-16T18:15:10,scroll,114.0,2026-01-16
347,428,u0022,2026-04-09T07:18:34,purchase,32.0,2026-04-09
348,430,u0062,2026-04-06T14:43:00,purchase,63.0,2026-04-06
349,431,u0070,2026-02-09T07:55:48,click,102.0,2026-02-09
350,432,u0012,2026-04-11T04:50:00,scroll,91.0,2026-04-11
351,433,u0177,2026-01-23T22:52:27,view,282.0,2026-01-23
352,434,u0156,2026-01-09T12:12:49,scroll,59.0,2026-01-09
353,436,u0178,2026-02-15T08:35:11,scroll,55.0,2026-02-15
354,437,u0056,2026-01-08T01:34:35,click,23.0,2026-01-08
355,438,u0179,2026-02-02T04:59:57,login,107.0,2026-02-02
356,439,u0002,2026-04-25T20:45:38,login,84.0,2026-04-25
357,440,u0168,2026-02-15T15:58:39,purchase,8.0,2026-02-15
358,441,u0008,2026-03-06T03:50:12,login,275.0,2026-03-06
359,442,u0167,2026-04-12T03:57:09,view,94.0,2026-04-12
360,443,u0080,2026-04-03T05:38:43,view,346.0,2026-04-03
361,444,u0067,2026-02-28T06:58:20,view,100.0,2026-02-28
362,445,u0145,2026-01-01T06:22:59,scroll,38.0,2026-01-01
363,446,u0105,2026-01-31T11:11:18,purchase,76.0,2026-01-31
364,448,u0180,2026-01-18T17:24:08,click,42.0,2026-01-18
365,449,u0179,2026-02-23T06:41:47,click,27.0,2026-02-23
366,451,u0148,2026-03-04T11:10:38,login,160.0,2026-03-04
367,452,u0123,2026-02-12T11:03:54,scroll,65.0,2026-02-12
368,453,u0077,2026-01-07T12:37:58,login,4.0,2026-01-07
369,454,u0054,2026-03-16T17:07:51,click,6.0,2026-03-16
370,455,u0171,2026-04-22T22:58:09,purchase,16.0,2026-04-22
371,456,u0195,2026-03-15T05:52:56,scroll,201.0,2026-03-15
372,457,u0191,2026-04-07T21:25:36,scroll,49.0,2026-04-07
373,458,u0106,2026-02-24T09:27:57,view,203.0,2026-02-24
374,459,u0108,2026-02-01T07:19:30,purchase,75.0,2026-02-01
375,460,u0137,2026-02-10T15:44:12,click,181.0,2026-02-10
376,461,u0118,2026-01-19T12:34:24,purchase,273.0,2026-01-19
377,462,u0069,2026-02-26T01:34:25,click,58.0,2026-02-26
378,463,u0133,2026-04-10T13:03:00,purchase,140.0,2026-04-10
379,464,u0133,2026-02-23T10:06:09,login,5.0,2026-02-23
380,465,u0038,2026-02-06T11:09:37,login,200.0,2026-02-06
381,466,u0074,2026-01-15T07:33:55,scroll,8.0,2026-01-15
382,467,u0154,2026-04-06T13:17:23,login,129.0,2026-04-06
383,469,u0186,2026-02-26T11:20:45,purchase,50.0,2026-02-26
384,471,u0190,2026-03-26T10:33:11,login,22.0,2026-03-26
385,472,u0007,2026-02-20T16:11:03,login,331.0,2026-02-20
386,473,u0110,2026-03-13T19:40:19,view,150.0,2026-03-13
387,474,u0172,2026-02-28T03:30:43,click,18.0,2026-02-28
388,475,u0023,2026-03-21T17:31:52,login,24.0,2026-03-21
389,476,u0155,2026-01-01T04:48:17,scroll,5.0,2026-01-01
390,478,u0154,2026-02-17T12:11:34,purchase,64.0,2026-02-17
391,479,u0058,2026-02-15T15:13:40,login,278.0,2026-02-15
392,480,u0090,2026-02-11T05:34:09,view,90.0,2026-02-11
393,481,u0100,2026-03-11T10:17:21,click,11.0,2026-03-11
394,482,u0153,2026-04-06T22:28:22,click,12.0,2026-04-06
395,483,u0065,2026-03-29T23:05:30,scroll,31.0,2026-03-29
396,484,u0188,2026-04-22T15:47:16,view,39.0,2026-04-22
397,485,u0001,2026-03-08T03:07:27,view,0.0,2026-03-08
398,486,u0167,2026-02-24T14:43:02,purchase,78.0,2026-02-24
399,488,u0138,2026-02-17T03:37:42,scroll,14.0,2026-02-17
400,489,u0059,2026-02-15T07:44:07,login,561.0,2026-02-15
401,490,u0054,2026-04-18T20:16:21,purchase,31.0,2026-04-18
402,491,u0102,2026-04-13T10:33:10,login,66.0,2026-04-13
403,492,u0013,2026-03-31T17:31:52,purchase,87.0,2026-03-31
404,493,u0082,2026-01-25T06:53:12,purchase,31.0,2026-01-25
405,494,u0008,2026-04-30T04:17:42,scroll,24.0,2026-04-30
406,495,u0142,2026-02-20T22:48:27,login,98.0,2026-02-20
407,496,u0021,2026-04-03T01:26:58,login,26.0,2026-04-03
408,499,u0174,2026-04-03T22:50:17,scroll,78.0,2026-04-03
409,500,u0134,2026-01-14T12:30:01,scroll,1011.0,2026-01-14
410,501,u0126,2026-03-08T18:13:09,view,125.0,2026-03-08
411,502,u0180,2026-04-26T15:07:45,click,24.0,2026-04-26
412,503,u0147,2026-02-07T09:32:15,login,497.0,2026-02-07
413,506,u0133,2026-02-06T02:07:01,click,64.0,2026-02-06
414,507,u0074,2026-01-19T17:48:34,login,28.0,2026-01-19
415,508,u0059,2026-02-13T13:49:02,click,7.0,2026-02-13
416,509,u0157,2026-04-14T11:41:30,click,106.0,2026-04-14
417,511,u0092,2026-03-12T17:27:19,scroll,69.0,2026-03-12
418,513,u0095,2026-01-21T17:55:02,click,25.0,2026-01-21
419,514,u0171,2026-01-23T19:04:50,scroll,92.0,2026-01-23
420,516,u0137,2026-01-26T07:24:06,purchase,25.0,2026-01-26
421,517,u0030,2026-02-14T17:37:36,purchase,201.0,2026-02-14
422,518,u0081,2026-01-22T12:58:18,scroll,101.0,2026-01-22
423,520,u0164,2026-03-25T17:02:34,login,19.0,2026-03-25
424,521,u0182,2026-01-19T09:26:55,purchase,49.0,2026-01-19
425,522,u0133,2026-04-06T03:42:56,login,101.0,2026-04-06
426,523,u0097,2026-01-10T20:01:50,view,458.0,2026-01-10
427,525,u0049,2026-01-29T14:31:19,login,16.0,2026-01-29
428,526,u0135,2026-02-28T13:53:55,view,26.0,2026-02-28
429,527,u0008,2026-03-29T00:10:46,login,80.0,2026-03-29
430,529,u0050,2026-04-08T12:49:55,click,118.0,2026-04-08
431,530,u0040,2026-04-03T17:07:22,click,45.0,2026-04-03
432,532,u0187,2026-02-02T14:27:26,view,62.0,2026-02-02
433,533,u0107,2026-02-03T08:35:58,purchase,129.0,2026-02-03
434,534,u0053,2026-04-07T08:02:01,login,87.0,2026-04-07
435,536,u0047,2026-04-07T19:04:24,view,28.0,2026-04-07
436,537,u0019,2026-03-17T13:20:55,click,74.0,2026-03-17
437,538,u0107,2026-03-07T16:36:10,login,64.0,2026-03-07
438,539,u0073,2026-02-19T00:05:52,purchase,82.0,2026-02-19
439,540,u0171,2026-03-19T18:21:46,view,71.0,2026-03-19
440,541,u0130,2026-01-01T11:26:21,scroll,23.0,2026-01-01
441,542,u0060,2026-02-03T15:45:44,login,50.0,2026-02-03
442,543,u0147,2026-04-18T00:46:55,view,153.0,2026-04-18
443,544,u0137,2026-03-30T01:59:18,purchase,51.0,2026-03-30
444,546,u0038,2026-02-06T08:25:34,view,46.0,2026-02-06
445,547,u0184,2026-04-17T12:09:31,click,186.0,2026-04-17
446,548,u0006,2026-02-22T18:34:15,click,31.0,2026-02-22
447,549,u0067,2026-03-29T14:29:49,click,89.0,2026-03-29
448,550,u0098,2026-02-01T20:42:28,login,36.0,2026-02-01
449,552,u0006,2026-04-30T18:59:28,click,66.0,2026-04-30
450,553,u0156,2026-04-07T19:21:53,login,37.0,2026-04-07
451,555,u0121,2026-02-03T10:51:00,view,70.0,2026-02-03
452,557,u0073,2026-03-03T00:30:04,click,69.0,2026-03-03
453,559,u0009,2026-01-21T23:42:23,click,6.0,2026-01-21
454,560,u0154,2026-02-06T02:18:10,purchase,43.0,2026-02-06
455,561,u0014,2026-03-12T12:42:01,click,68.0,2026-03-12
456,562,u0155,2026-03-14T22:21:21,login,33.0,2026-03-14
457,564,u0179,2026-01-28T13:59:16,purchase,51.0,2026-01-28
458,565,u0122,2026-03-06T21:09:55,login,104.0,2026-03-06
459,566,u0142,2026-01-26T08:11:24,view,347.0,2026-01-26
460,567,u0057,2026-01-17T02:33:57,login,41.0,2026-01-17
461,568,u0034,2026-04-10T07:34:30,scroll,19.0,2026-04-10
462,569,u0157,2026-02-03T03:28:41,view,0.0,2026-02-03
463,570,u0102,2026-04-28T02:30:06,purchase,243.0,2026-04-28
464,571,u0073,2026-04-26T07:17:18,login,41.0,2026-04-26
465,572,u0077,2026-01-09T10:25:57,click,119.0,2026-01-09
466,573,u0179,2026-02-08T21:41:00,purchase,373.0,2026-02-08
467,574,u0133,2026-01-02T17:58:03,purchase,37.0,2026-01-02
468,575,u0043,2026-03-09T00:05:57,scroll,92.0,2026-03-09
469,576,u0080,2026-03-26T01:45:07,click,41.0,2026-03-26
470,577,u0020,2026-01-13T17:57:40,view,72.0,2026-01-13
471,578,u0051,2026-04-04T14:40:12,login,19.0,2026-04-04
472,579,u0104,2026-02-03T01:13:39,scroll,179.0,2026-02-03
473,582,u0143,2026-03-10T02:13:19,purchase,15.0,2026-03-10
474,583,u0104,2026-02-27T02:28:01,view,122.0,2026-02-27
475,584,u0009,2026-03-27T08:14:15,purchase,34.0,2026-03-27
476,585,u0069,2026-01-13T15:31:29,click,48.0,2026-01-13
477,586,u0009,2026-02-05T04:58:10,purchase,138.0,2026-02-05
478,589,u0132,2026-01-03T10:49:04,scroll,24.0,2026-01-03
479,590,u0011,2026-04-01T14:18:50,scroll,391.0,2026-04-01
480,591,u0091,2026-04-28T08:35:32,purchase,42.0,2026-04-28
481,592,u0184,2026-04-19T23:52:17,scroll,673.0,2026-04-19
482,593,u0109,2026-02-23T15:43:59,purchase,50.0,2026-02-23
483,594,u0055,2026-03-17T19:05:58,scroll,9.0,2026-03-17
484,595,u0083,2026-04-04T14:21:36,scroll,187.0,2026-04-04
485,596,u0166,2026-04-02T20:35:34,click,22.0,2026-04-02
486,597,u0042,2026-03-17T04:18:22,view,18.0,2026-03-17
487,598,u0001,2026-02-01T22:59:10,purchase,29.0,2026-02-01
488,599,u0113,2026-04-13T20:14:45,click,124.0,2026-04-13
489,601,u0063,2026-04-17T07:37:49,scroll,0.0,2026-04-17
490,602,u0094,2026-01-20T12:36:24,purchase,15.0,2026-01-20
491,603,u0139,2026-04-22T13:36:26,view,40.0,2026-04-22
492,604,u0049,2026-04-22T11:17:48,login,95.0,2026-04-22
493,605,u0196,2026-03-12T23:10:59,scroll,37.0,2026-03-12
494,606,u0066,2026-03-03T08:09:10,view,33.0,2026-03-03
495,607,u0137,2026-04-14T19:44:37,purchase,58.0,2026-04-14
496,608,u0019,2026-03-08T05:13:56,view,213.0,2026-03-08
497,610,u0050,2026-04-21T01:16:48,login,50.0,2026-04-21
498,611,u0109,2026-04-18T17:43:28,click,27.0,2026-04-18
499,612,u0088,2026-01-27T01:19:21,scroll,0.0,2026-01-27
500,613,u0119,2026-02-22T03:08:35,scroll,29.0,2026-02-22
501,615,u0190,2026-02-16T19:20:49,login,20.0,2026-02-16
502,616,u0060,2026-03-29T06:24:54,view,26.0,2026-03-29
503,618,u0155,2026-04-21T00:32:39,click,152.0,2026-04-21
504,619,u0036,2026-01-18T01:49:58,click,191.0,2026-01-18
505,620,u0106,2026-02-21T17:07:57,click,38.0,2026-02-21
506,621,u0179,2026-03-21T22:25:18,login,82.0,2026-03-21
507,622,u0168,2026-01-05T09:11:15,view,104.0,2026-01-05
508,623,u0168,2026-04-02T15:01:15,login,0.0,2026-04-02
509,625,u0081,2026-02-04T01:45:17,scroll,51.0,2026-02-04
510,626,u0074,2026-02-04T15:07:00,view,16.0,2026-02-04
511,627,u0100,2026-01-03T17:53:58,view,155.0,2026-01-03
512,628,u0104,2026-03-24T04:22:18,scroll,66.0,2026-03-24
513,630,u0159,2026-01-06T10:35:03,view,79.0,2026-01-06
514,631,u0023,2026-03-17T12:09:25,click,59.0,2026-03-17
515,632,u0085,2026-02-12T15:23:50,click,228.0,2026-02-12
516,633,u0053,2026-03-30T01:23:23,purchase,72.0,2026-03-30
517,634,u0009,2026-04-22T12:46:51,view,116.0,2026-04-22
518,636,u0118,2026-03-11T12:23:20,login,0.0,2026-03-11
519,637,u0114,2026-03-30T10:21:36,scroll,247.0,2026-03-30
520,639,u0187,2026-02-24T12:01:54,click,26.0,2026-02-24
521,641,u0183,2026-03-30T04:43:27,purchase,113.0,2026-03-30
522,642,u0095,2026-04-15T09:09:36,login,17.0,2026-04-15
523,644,u0172,2026-03-04T00:14:58,click,79.0,2026-03-04
524,645,u0199,2026-03-12T10:10:44,scroll,23.0,2026-03-12
525,646,u0103,2026-02-06T05:14:19,click,195.0,2026-02-06
526,648,u0188,2026-03-21T21:05:24,login,159.0,2026-03-21
527,649,u0146,2026-02-14T20:40:47,view,116.0,2026-02-14
528,650,u0125,2026-04-01T05:48:11,login,48.0,2026-04-01
529,651,u0011,2026-02-12T18:18:40,click,61.0,2026-02-12
530,652,u0109,2026-04-12T02:49:32,view,152.0,2026-04-12
531,653,u0155,2026-04-19T10:26:44,login,18.0,2026-04-19
532,654,u0073,2026-03-17T15:11:50,purchase,81.0,2026-03-17
533,655,u0115,2026-02-22T22:23:34,purchase,31.0,2026-02-22
534,656,u0107,2026-01-06T13:03:43,login,462.0,2026-01-06
535,657,u0102,2026-03-15T16:26:40,view,21.0,2026-03-15
536,658,u0052,2026-04-09T07:32:40,scroll,44.0,2026-04-09
537,659,u0045,2026-03-05T03:29:35,click,33.0,2026-03-05
538,660,u0029,2026-01-16T12:58:42,login,37.0,2026-01-16
539,661,u0199,2026-02-18T10:15:58,scroll,64.0,2026-02-18
540,663,u0017,2026-01-25T19:44:21,scroll,37.0,2026-01-25
541,664,u0001,2026-04-15T09:23:23,login,607.0,2026-04-15
542,665,u0075,2026-04-19T22:59:16,scroll,17.0,2026-04-19
543,666,u0029,2026-03-06T17:31:44,click,103.0,2026-03-06
544,667,u0119,2026-04-20T21:04:55,purchase,43.0,2026-04-20
545,668,u0194,2026-02-11T11:57:32,login,6.0,2026-02-11
546,669,u0066,2026-02-19T01:03:03,login,23.0,2026-02-19
547,670,u0075,2026-04-13T23:43:25,scroll,276.0,2026-04-13
548,671,u0078,2026-03-14T22:28:56,purchase,35.0,2026-03-14
549,672,u0041,2026-02-14T02:59:27,login,7.0,2026-02-14
550,673,u0055,2026-01-18T14:11:00,click,97.0,2026-01-18
551,674,u0148,2026-03-06T21:21:41,view,18.0,2026-03-06
552,675,u0086,2026-03-11T16:43:20,purchase,133.0,2026-03-11
553,676,u0166,2026-01-03T22:51:53,scroll,52.0,2026-01-03
554,677,u0110,2026-01-01T21:34:25,scroll,168.0,2026-01-01
555,678,u0170,2026-02-22T11:43:31,purchase,4.0,2026-02-22
556,679,u0098,2026-01-25T06:06:01,view,36.0,2026-01-25
557,680,u0182,2026-04-24T14:03:22,view,37.0,2026-04-24
558,681,u0155,2026-03-04T01:05:09,login,220.0,2026-03-04
559,682,u0012,2026-04-15T10:39:05,scroll,76.0,2026-04-15
560,683,u0052,2026-01-02T02:18:40,purchase,8.0,2026-01-02
561,684,u0133,2026-02-10T22:17:20,view,24.0,2026-02-10
562,685,u0096,2026-03-31T15:38:44,login,327.0,2026-03-31
563,686,u0013,2026-02-02T06:49:38,view,0.0,2026-02-02
564,687,u0186,2026-03-30T21:44:25,purchase,30.0,2026-03-30
565,690,u0043,2026-03-22T03:50:54,click,95.0,2026-03-22
566,691,u0039,2026-02-20T07:34:59,scroll,9.0,2026-02-20
567,692,u0045,2026-02-27T10:06:53,view,39.0,2026-02-27
568,693,u0152,2026-04-13T03:51:41,click,12.0,2026-04-13
569,694,u0139,2026-01-26T02:30:57,click,182.0,2026-01-26
570,695,u0166,2026-03-28T00:52:27,scroll,0.0,2026-03-28
571,697,u0133,2026-01-28T02:55:24,click,44.0,2026-01-28
572,698,u0142,2026-03-17T10:22:16,scroll,202.0,2026-03-17
573,699,u0006,2026-03-29T09:43:46,view,32.0,2026-03-29
574,700,u0176,2026-01-08T05:39:54,scroll,59.0,2026-01-08
575,701,u0052,2026-03-09T09:46:21,scroll,71.0,2026-03-09
576,702,u0086,2026-03-31T06:29:56,click,14.0,2026-03-31
577,703,u0110,2026-02-09T12:38:09,view,166.0,2026-02-09
578,705,u0076,2026-03-15T07:05:46,scroll,24.0,2026-03-15
579,706,u0068,2026-04-13T08:04:15,login,114.0,2026-04-13
580,708,u0154,2026-01-24T22:23:19,purchase,92.0,2026-01-24
581,709,u0004,2026-04-17T00:15:12,scroll,187.0,2026-04-17
582,710,u0101,2026-01-09T15:30:22,click,40.0,2026-01-09
583,711,u0080,2026-03-13T01:37:58,scroll,15.0,2026-03-13
584,712,u0055,2026-01-22T15:57:23,click,62.0,2026-01-22
585,713,u0057,2026-02-03T02:21:49,purchase,39.0,2026-02-03
586,715,u0193,2026-04-21T13:46:39,view,25.0,2026-04-21
587,717,u0055,2026-01-13T10:09:40,login,395.0,2026-01-13
588,719,u0008,2026-03-09T04:07:50,scroll,36.0,2026-03-09
589,720,u0063,2026-03-21T03:29:15,click,13.0,2026-03-21
590,721,u0104,2026-02-26T18:08:14,scroll,82.0,2026-02-26
591,722,u0121,2026-02-09T02:34:42,scroll,36.0,2026-02-09
592,723,u0128,2026-04-13T21:52:34,view,139.0,2026-04-13
593,724,u0154,2026-02-24T14:57:50,scroll,138.0,2026-02-24
594,725,u0113,2026-02-12T04:27:00,view,56.0,2026-02-12
595,727,u0013,2026-01-07T12:50:50,login,60.0,2026-01-07
596,729,u0161,2026-02-22T11:40:17,scroll,52.0,2026-02-22
597,731,u0196,2026-04-02T04:16:30,login,13.0,2026-04-02
598,733,u0179,2026-04-26T22:39:02,view,21.0,2026-04-26
599,734,u0176,2026-03-02T04:00:07,click,47.0,2026-03-02
600,735,u0076,2026-04-07T05:38:37,purchase,67.0,2026-04-07
601,736,u0002,2026-03-26T19:44:30,view,43.0,2026-03-26
602,737,u0128,2026-01-09T18:10:20,view,204.0,2026-01-09
603,738,u0002,2026-04-04T13:32:53,login,22.0,2026-04-04
604,739,u0094,2026-02-17T01:23:08,purchase,22.0,2026-02-17
605,740,u0010,2026-04-29T19:56:23,login,48.0,2026-04-29
606,741,u0145,2026-03-23T14:17:27,view,35.0,2026-03-23
607,742,u0178,2026-02-05T07:16:01,purchase,32.0,2026-02-05
608,743,u0136,2026-03-16T21:00:55,click,36.0,2026-03-16
609,744,u0174,2026-02-07T03:56:35,scroll,65.0,2026-02-07
610,745,u0158,2026-04-18T23:12:46,click,0.0,2026-04-18
611,746,u0092,2026-02-08T21:49:58,click,86.0,2026-02-08
612,747,u0003,2026-02-15T07:15:03,view,13.0,2026-02-15
613,748,u0031,2026-03-11T01:12:15,click,54.0,2026-03-11
614,749,u0112,2026-04-26T14:33:39,purchase,52.0,2026-04-26
615,750,u0174,2026-02-28T21:32:57,scroll,0.0,2026-02-28
616,751,u0161,2026-03-19T12:34:49,scroll,17.0,2026-03-19
617,752,u0020,2026-04-02T04:43:42,login,37.0,2026-04-02
618,753,u0196,2026-04-18T03:44:23,login,116.0,2026-04-18
619,754,u0005,2026-01-17T03:38:09,purchase,35.0,2026-01-17
620,756,u0040,2026-02-28T11:33:02,view,64.0,2026-02-28
621,757,u0178,2026-02-05T07:17:17,login,119.0,2026-02-05
622,758,u0018,2026-04-24T19:36:24,scroll,13.0,2026-04-24
623,759,u0126,2026-04-21T21:16:01,login,136.0,2026-04-21
624,760,u0009,2026-04-10T12:26:35,click,378.0,2026-04-10
625,762,u0059,2026-04-24T21:12:31,click,72.0,2026-04-24
626,764,u0193,2026-04-12T10:49:07,purchase,15.0,2026-04-12
627,765,u0082,2026-01-31T01:08:30,click,45.0,2026-01-31
628,767,u0103,2026-02-24T20:30:22,click,74.0,2026-02-24
629,768,u0001,2026-01-31T06:50:14,click,166.0,2026-01-31
630,769,u0180,2026-01-11T03:02:59,click,98.0,2026-01-11
631,770,u0003,2026-03-22T13:08:27,click,246.0,2026-03-22
632,771,u0061,2026-03-14T18:10:03,click,293.0,2026-03-14
633,772,u0010,2026-04-11T17:45:44,scroll,125.0,2026-04-11
634,773,u0022,2026-03-10T05:47:55,scroll,24.0,2026-03-10
635,774,u0166,2026-02-08T14:49:22,purchase,118.0,2026-02-08
636,775,u0058,2026-04-02T12:40:34,scroll,74.0,2026-04-02
637,776,u0180,2026-04-20T02:17:54,view,23.0,2026-04-20
638,777,u0168,2026-02-17T11:43:23,view,0.0,2026-02-17
639,778,u0038,2026-04-29T15:56:08,click,40.0,2026-04-29
640,779,u0026,2026-04-20T15:48:04,click,50.0,2026-04-20
641,781,u0047,2026-02-20T22:53:16,purchase,119.0,2026-02-20
642,782,u0008,2026-01-20T17:57:43,purchase,180.0,2026-01-20
643,783,u0184,2026-04-12T06:18:37,click,23.0,2026-04-12
644,784,u0013,2026-01-23T07:38:46,scroll,48.0,2026-01-23
645,785,u0056,2026-03-25T16:05:52,scroll,47.0,2026-03-25
646,786,u0148,2026-02-24T23:02:36,purchase,57.0,2026-02-24
647,788,u0083,2026-04-15T18:21:14,login,65.0,2026-04-15
648,789,u0005,2026-04-22T01:51:15,view,21.0,2026-04-22
649,790,u0138,2026-04-23T17:30:43,view,567.0,2026-04-23
650,792,u0156,2026-04-27T02:23:29,view,10.0,2026-04-27
651,793,u0032,2026-01-29T21:31:29,scroll,396.0,2026-01-29
652,794,u0002,2026-02-06T19:29:09,view,65.0,2026-02-06
653,795,u0022,2026-01-11T10:20:06,click,25.0,2026-01-11
654,796,u0028,2026-02-18T15:49:45,scroll,159.0,2026-02-18
655,797,u0076,2026-02-27T04:27:24,scroll,74.0,2026-02-27
656,799,u0076,2026-02-19T21:30:59,click,62.0,2026-02-19
657,800,u0157,2026-04-27T11:00:35,login,29.0,2026-04-27
658,802,u0175,2026-04-05T08:56:51,view,10.0,2026-04-05
659,803,u0016,2026-02-26T01:08:25,view,11.0,2026-02-26
660,804,u0192,2026-01-07T07:46:43,click,35.0,2026-01-07
661,806,u0078,2026-04-30T12:09:34,purchase,110.0,2026-04-30
662,807,u0113,2026-01-14T15:12:05,login,34.0,2026-01-14
663,808,u0190,2026-01-17T02:28:46,scroll,38.0,2026-01-17
664,809,u0059,2026-04-30T23:42:36,click,58.0,2026-04-30
665,810,u0062,2026-02-17T20:00:45,purchase,54.0,2026-02-17
666,811,u0129,2026-04-04T20:50:07,scroll,122.0,2026-04-04
667,812,u0152,2026-03-10T07:10:00,view,246.0,2026-03-10
668,813,u0072,2026-04-27T01:58:44,login,14.0,2026-04-27
669,815,u0077,2026-03-21T19:00:51,view,33.0,2026-03-21
670,816,u0005,2026-01-13T18:23:37,click,18.0,2026-01-13
671,818,u0092,2026-01-29T10:01:49,login,181.0,2026-01-29
672,819,u0196,2026-02-20T12:57:43,purchase,188.0,2026-02-20
673,820,u0057,2026-01-23T15:05:44,scroll,169.0,2026-01-23
674,821,u0169,2026-03-14T12:59:33,purchase,26.0,2026-03-14
675,823,u0111,2026-04-21T08:29:32,click,117.0,2026-04-21
676,824,u0133,2026-03-09T13:54:55,purchase,14.0,2026-03-09
677,826,u0033,2026-02-27T19:36:38,scroll,58.0,2026-02-27
678,827,u0065,2026-04-19T12:58:22,view,94.0,2026-04-19
679,829,u0151,2026-02-11T19:39:35,scroll,8.0,2026-02-11
680,830,u0130,2026-04-18T16:45:13,click,77.0,2026-04-18
681,831,u0182,2026-04-04T18:43:30,purchase,67.0,2026-04-04
682,832,u0030,2026-04-11T08:22:53,scroll,145.0,2026-04-11
683,833,u0092,2026-04-26T15:20:31,view,14.0,2026-04-26
684,834,u0071,2026-01-27T04:27:30,login,302.0,2026-01-27
685,836,u0069,2026-04-16T11:06:24,click,126.0,2026-04-16
686,839,u0010,2026-04-02T05:18:17,login,47.0,2026-04-02
687,840,u0001,2026-03-18T06:17:39,view,23.0,2026-03-18
688,841,u0087,2026-03-08T08:58:36,purchase,0.0,2026-03-08
689,842,u0058,2026-04-12T05:21:55,scroll,82.0,2026-04-12
690,843,u0004,2026-04-28T04:41:46,view,160.0,2026-04-28
691,845,u0010,2026-03-13T02:12:28,login,66.0,2026-03-13
692,847,u0037,2026-03-25T23:19:22,scroll,47.0,2026-03-25
693,848,u0096,2026-04-12T17:19:09,login,43.0,2026-04-12
694,849,u0048,2026-04-22T17:45:15,purchase,117.0,2026-04-22
695,850,u0175,2026-04-23T22:44:49,purchase,12.0,2026-04-23
696,851,u0114,2026-03-11T22:03:17,login,121.0,2026-03-11
697,852,u0035,2026-01-14T17:44:38,login,112.0,2026-01-14
698,855,u0025,2026-01-13T06:05:40,login,10.0,2026-01-13
699,856,u0063,2026-03-08T01:08:31,login,21.0,2026-03-08
700,858,u0099,2026-04-07T02:06:29,login,31.0,2026-04-07
701,859,u0112,2026-01-23T09:13:12,login,187.0,2026-01-23
702,861,u0111,2026-04-02T02:20:56,click,71.0,2026-04-02
703,862,u0113,2026-04-01T03:39:53,login,190.0,2026-04-01
704,863,u0158,2026-01-01T19:27:26,login,78.0,2026-01-01
705,864,u0021,2026-01-11T05:08:27,view,0.0,2026-01-11
706,865,u0161,2026-04-13T15:32:38,purchase,139.0,2026-04-13
707,866,u0130,2026-01-19T18:01:49,click,8.0,2026-01-19
708,867,u0087,2026-04-18T21:56:19,purchase,57.0,2026-04-18
709,868,u0029,2026-04-19T06:30:37,scroll,132.0,2026-04-19
710,869,u0099,2026-01-16T22:01:11,view,0.0,2026-01-16
711,870,u0053,2026-04-20T05:26:28,view,28.0,2026-04-20
712,872,u0036,2026-01-07T06:24:50,click,80.0,2026-01-07
713,873,u0189,2026-03-10T14:30:50,purchase,10.0,2026-03-10
714,874,u0156,2026-03-18T20:45:55,click,82.0,2026-03-18
715,875,u0175,2026-01-28T14:30:16,view,18.0,2026-01-28
716,876,u0184,2026-01-05T16:18:53,view,26.0,2026-01-05
717,878,u0070,2026-01-22T00:55:53,view,20.0,2026-01-22
718,879,u0015,2026-02-12T18:59:00,login,12.0,2026-02-12
719,880,u0055,2026-04-22T22:21:04,click,63.0,2026-04-22
720,883,u0027,2026-01-14T22:40:06,scroll,41.0,2026-01-14
721,884,u0094,2026-01-01T03:50:45,login,204.0,2026-01-01
722,885,u0035,2026-03-28T08:47:19,login,94.0,2026-03-28
723,886,u0085,2026-04-08T04:56:04,click,115.0,2026-04-08
724,887,u0039,2026-01-06T13:19:38,click,42.0,2026-01-06
725,888,u0119,2026-04-18T14:56:50,click,22.0,2026-04-18
726,889,u0200,2026-04-22T18:39:04,click,431.0,2026-04-22
727,890,u0136,2026-04-08T13:00:34,purchase,145.0,2026-04-08
728,892,u0134,2026-01-13T19:14:19,purchase,26.0,2026-01-13
729,893,u0170,2026-02-23T06:25:32,scroll,118.0,2026-02-23
730,894,u0017,2026-03-25T11:08:16,purchase,55.0,2026-03-25
731,896,u0057,2026-04-24T09:56:56,login,155.0,2026-04-24
732,897,u0062,2026-01-24T11:39:27,login,52.0,2026-01-24
733,898,u0012,2026-04-09T19:35:45,purchase,44.0,2026-04-09
734,900,u0013,2026-04-01T16:30:19,view,81.0,2026-04-01
735,901,u0141,2026-04-10T11:22:20,view,22.0,2026-04-10
736,902,u0135,2026-04-09T18:02:31,view,204.0,2026-04-09
737,904,u0079,2026-04-05T11:34:05,view,21.0,2026-04-05
738,906,u0150,2026-02-06T18:24:03,login,13.0,2026-02-06
739,907,u0086,2026-04-27T01:10:20,scroll,59.0,2026-04-27
740,908,u0094,2026-02-26T05:39:48,scroll,25.0,2026-02-26
741,909,u0014,2026-04-14T23:32:18,view,13.0,2026-04-14
742,910,u0199,2026-01-24T13:34:26,click,83.0,2026-01-24
743,911,u0160,2026-03-11T02:48:10,scroll,43.0,2026-03-11
744,912,u0040,2026-01-04T00:41:44,purchase,17.0,2026-01-04
745,913,u0088,2026-02-13T20:16:23,click,56.0,2026-02-13
746,914,u0070,2026-01-28T23:48:53,purchase,50.0,2026-01-28
747,915,u0055,2026-04-02T10:09:20,login,11.0,2026-04-02
748,916,u0182,2026-01-09T11:48:43,scroll,0.0,2026-01-09
749,917,u0123,2026-01-13T16:43:59,view,67.0,2026-01-13
750,918,u0068,2026-03-29T16:45:03,login,33.0,2026-03-29
751,919,u0198,2026-01-13T00:17:28,login,70.0,2026-01-13
752,921,u0166,2026-03-30T23:23:25,click,35.0,2026-03-30
753,922,u0198,2026-04-07T15:43:41,view,55.0,2026-04-07
754,923,u0125,2026-02-14T01:20:16,login,129.0,2026-02-14
755,925,u0053,2026-02-16T10:40:54,purchase,58.0,2026-02-16
756,926,u0024,2026-01-16T11:34:59,login,122.0,2026-01-16
757,928,u0098,2026-01-07T07:39:53,purchase,151.0,2026-01-07
758,929,u0029,2026-04-27T07:17:59,scroll,51.0,2026-04-27
759,930,u0026,2026-04-03T23:56:15,purchase,177.0,2026-04-03
760,932,u0167,2026-01-23T09:20:29,click,24.0,2026-01-23
761,933,u0169,2026-03-12T13:10:47,login,14.0,2026-03-12
762,934,u0040,2026-02-24T00:49:38,view,86.0,2026-02-24
763,935,u0105,2026-03-14T13:52:20,view,22.0,2026-03-14
764,936,u0118,2026-01-31T13:12:20,login,104.0,2026-01-31
765,937,u0189,2026-04-05T18:32:57,login,49.0,2026-04-05
766,938,u0076,2026-04-02T19:37:23,purchase,0.0,2026-04-02
767,939,u0039,2026-02-26T23:06:10,click,31.0,2026-02-26
768,941,u0055,2026-03-05T11:05:58,purchase,138.0,2026-03-05
769,942,u0114,2026-04-23T04:45:13,purchase,21.0,2026-04-23
770,943,u0068,2026-02-25T10:52:41,scroll,92.0,2026-02-25
771,944,u0185,2026-02-03T13:24:59,click,11.0,2026-02-03
772,945,u0131,2026-04-30T23:03:40,purchase,46.0,2026-04-30
773,946,u0116,2026-02-05T02:55:55,view,43.0,2026-02-05
774,947,u0037,2026-03-07T22:50:27,purchase,23.0,2026-03-07
775,948,u0017,2026-04-10T08:23:19,purchase,57.0,2026-04-10
776,949,u0160,2026-01-20T03:05:26,scroll,304.0,2026-01-20
777,950,u0065,2026-03-29T07:33:55,login,42.0,2026-03-29
778,951,u0176,2026-02-25T13:40:41,view,99.0,2026-02-25
779,952,u0072,2026-01-05T17:54:55,click,14.0,2026-01-05
780,953,u0161,2026-01-09T05:34:59,click,123.0,2026-01-09
781,954,u0124,2026-03-28T10:35:53,login,26.0,2026-03-28
782,955,u0128,2026-04-26T09:35:59,view,62.0,2026-04-26
783,956,u0173,2026-02-15T04:44:48,view,17.0,2026-02-15
784,957,u0113,2026-03-10T06:43:30,purchase,117.0,2026-03-10
785,959,u0129,2026-02-18T07:58:40,login,67.0,2026-02-18
786,960,u0179,2026-02-20T21:27:53,purchase,7.0,2026-02-20
787,961,u0135,2026-03-17T07:33:36,purchase,63.0,2026-03-17
788,962,u0025,2026-02-22T09:09:22,view,70.0,2026-02-22
789,963,u0186,2026-01-18T07:29:22,click,12.0,2026-01-18
790,964,u0165,2026-03-24T05:10:06,view,0.0,2026-03-24
791,965,u0196,2026-04-22T09:39:14,click,13.0,2026-04-22
792,966,u0176,2026-03-03T01:47:22,purchase,66.0,2026-03-03
793,968,u0097,2026-03-02T18:55:29,login,23.0,2026-03-02
794,969,u0116,2026-03-07T11:13:40,scroll,52.0,2026-03-07
795,970,u0050,2026-04-10T01:05:09,login,83.0,2026-04-10
796,972,u0049,2026-02-07T18:39:35,click,166.0,2026-02-07
797,973,u0061,2026-01-27T17:03:01,view,54.0,2026-01-27
798,974,u0045,2026-04-07T12:15:22,scroll,38.0,2026-04-07
799,977,u0009,2026-02-04T20:46:38,click,40.0,2026-02-04
800,978,u0027,2026-02-09T19:47:01,view,61.0,2026-02-09
801,979,u0177,2026-01-16T07:16:58,click,236.0,2026-01-16
802,981,u0178,2026-01-05T07:11:26,purchase,15.0,2026-01-05
803,982,u0196,2026-03-16T11:40:58,click,97.0,2026-03-16
804,983,u0180,2026-01-16T09:41:03,click,0.0,2026-01-16
805,984,u0159,2026-03-21T03:05:30,click,207.0,2026-03-21
806,985,u0151,2026-03-08T23:22:38,login,60.0,2026-03-08
807,986,u0164,2026-04-10T23:03:51,login,95.0,2026-04-10
808,988,u0049,2026-01-30T21:17:45,scroll,13.0,2026-01-30
809,989,u0002,2026-02-14T12:40:43,purchase,26.0,2026-02-14
810,990,u0174,2026-01-27T08:45:57,purchase,41.0,2026-01-27
811,992,u0132,2026-03-14T20:58:04,login,31.0,2026-03-14
812,993,u0041,2026-03-28T02:59:31,scroll,139.0,2026-03-28
813,994,u0176,2026-03-03T02:20:25,scroll,244.0,2026-03-03
814,995,u0135,2026-01-21T05:09:08,click,9.0,2026-01-21
815,996,u0031,2026-02-07T00:13:27,click,111.0,2026-02-07
816,997,u0148,2026-04-10T21:43:31,click,31.0,2026-04-10
817,998,u0170,2026-03-11T07:24:25,click,447.0,2026-03-11
818,1000,u0168,2026-02-04T06:29:38,click,62.0,2026-02-04
819,1001,u0014,2026-01-20T10:52:02,purchase,57.0,2026-01-20
820,1002,u0187,2026-03-22T06:38:34,scroll,77.0,2026-03-22
821,1003,u0159,2026-02-01T01:40:52,login,39.0,2026-02-01
822,1004,u0169,2026-01-08T18:00:18,click,17.0,2026-01-08
823,1006,u0092,2026-04-25T17:53:06,scroll,9.0,2026-04-25
824,1007,u0115,2026-02-06T04:12:59,login,169.0,2026-02-06
825,1008,u0028,2026-01-24T10:54:00,login,51.0,2026-01-24
826,1009,u0005,2026-01-13T21:06:19,click,11.0,2026-01-13
827,1010,u0190,2026-02-13T03:53:46,login,268.0,2026-02-13
828,1011,u0110,2026-04-17T17:19:09,purchase,80.0,2026-04-17
829,1012,u0192,2026-01-23T05:19:39,purchase,37.0,2026-01-23
830,1013,u0173,2026-03-22T07:05:12,login,17.0,2026-03-22
831,1014,u0036,2026-02-04T13:53:50,login,4.0,2026-02-04
832,1015,u0001,2026-02-20T21:00:54,purchase,78.0,2026-02-20
833,1016,u0027,2026-04-29T06:12:09,scroll,60.0,2026-04-29
834,1017,u0141,2026-02-09T18:48:23,login,53.0,2026-02-09
835,1020,u0085,2026-04-21T21:24:08,click,128.0,2026-04-21
836,1021,u0116,2026-02-14T03:56:03,view,64.0,2026-02-14
837,1022,u0147,2026-04-11T07:58:40,click,18.0,2026-04-11
838,1023,u0118,2026-04-19T20:16:28,view,12.0,2026-04-19
839,1024,u0048,2026-04-10T19:31:06,click,405.0,2026-04-10
840,1026,u0014,2026-01-04T20:42:27,scroll,41.0,2026-01-04
841,1028,u0134,2026-02-22T06:33:24,view,9.0,2026-02-22
842,1029,u0012,2026-04-09T03:21:37,purchase,221.0,2026-04-09
843,1030,u0056,2026-03-08T03:12:01,view,24.0,2026-03-08
844,1031,u0163,2026-03-07T16:23:33,view,97.0,2026-03-07
845,1033,u0010,2026-02-22T09:38:07,click,9.0,2026-02-22
846,1034,u0096,2026-01-21T10:26:40,click,21.0,2026-01-21
847,1035,u0099,2026-01-25T18:21:26,click,42.0,2026-01-25
848,1036,u0145,2026-01-28T22:51:14,click,30.0,2026-01-28
849,1037,u0125,2026-03-29T01:15:31,click,11.0,2026-03-29
850,1038,u0013,2026-03-15T14:34:12,view,157.0,2026-03-15
851,1039,u0106,2026-04-22T21:13:50,click,840.0,2026-04-22
852,1040,u0133,2026-01-10T15:52:13,login,56.0,2026-01-10
853,1041,u0196,2026-04-28T01:05:30,login,128.0,2026-04-28
854,1042,u0124,2026-03-01T02:40:23,purchase,145.0,2026-03-01
855,1043,u0091,2026-01-26T05:37:01,purchase,56.0,2026-01-26
856,1044,u0195,2026-02-04T02:15:33,login,75.0,2026-02-04
857,1046,u0173,2026-01-05T02:57:13,login,43.0,2026-01-05
858,1047,u0187,2026-03-30T16:18:08,login,5.0,2026-03-30
859,1048,u0177,2026-03-23T18:14:49,scroll,69.0,2026-03-23
860,1049,u0123,2026-03-31T04:52:41,click,12.0,2026-03-31
861,1050,u0151,2026-02-11T21:24:26,scroll,45.0,2026-02-11
862,1051,u0187,2026-02-09T07:47:45,login,39.0,2026-02-09
863,1052,u0024,2026-03-26T23:09:44,purchase,1511.0,2026-03-26
864,1053,u0031,2026-02-01T09:25:59,purchase,45.0,2026-02-01
865,1054,u0141,2026-03-17T11:37:18,purchase,56.0,2026-03-17
866,1056,u0151,2026-01-02T17:15:51,purchase,20.0,2026-01-02
867,1057,u0091,2026-02-16T06:47:23,view,252.0,2026-02-16
868,1058,u0174,2026-04-06T05:34:48,purchase,53.0,2026-04-06
869,1059,u0044,2026-04-02T04:40:12,click,64.0,2026-04-02
870,1060,u0102,2026-02-03T06:58:10,scroll,73.0,2026-02-03
871,1061,u0028,2026-03-19T09:47:09,view,91.0,2026-03-19
872,1062,u0132,2026-03-18T05:02:36,click,15.0,2026-03-18
873,1063,u0085,2026-03-01T07:21:57,purchase,19.0,2026-03-01
874,1064,u0060,2026-01-22T12:46:58,click,15.0,2026-01-22
875,1065,u0172,2026-04-09T11:00:18,login,19.0,2026-04-09
876,1066,u0019,2026-03-18T09:47:26,login,61.0,2026-03-18
877,1067,u0080,2026-03-27T20:18:51,scroll,148.0,2026-03-27
878,1068,u0156,2026-04-01T18:39:10,view,81.0,2026-04-01
879,1069,u0106,2026-01-08T18:00:37,login,147.0,2026-01-08
880,1070,u0009,2026-04-13T12:41:51,view,131.0,2026-04-13
881,1071,u0196,2026-02-13T17:35:45,view,31.0,2026-02-13
882,1072,u0084,2026-04-12T08:31:09,view,17.0,2026-04-12
883,1073,u0143,2026-03-01T12:48:00,login,82.0,2026-03-01
884,1074,u0138,2026-04-24T23:52:32,login,106.0,2026-04-24
885,1075,u0194,2026-02-13T21:38:11,click,266.0,2026-02-13
886,1076,u0083,2026-02-10T12:30:12,login,44.0,2026-02-10
887,1077,u0105,2026-04-25T00:23:03,purchase,40.0,2026-04-25
888,1078,u0035,2026-02-14T00:50:11,purchase,80.0,2026-02-14
889,1079,u0126,2026-04-08T22:20:17,click,341.0,2026-04-08
890,1080,u0122,2026-02-01T22:22:52,login,23.0,2026-02-01
891,1081,u0070,2026-01-01T01:27:06,view,198.0,2026-01-01
892,1082,u0159,2026-01-17T15:58:29,scroll,180.0,2026-01-17
893,1083,u0156,2026-02-10T08:29:30,purchase,26.0,2026-02-10
894,1084,u0137,2026-02-13T17:10:49,purchase,69.0,2026-02-13
895,1085,u0028,2026-02-09T07:51:55,purchase,29.0,2026-02-09
896,1086,u0092,2026-01-12T14:56:16,login,44.0,2026-01-12
897,1088,u0040,2026-03-15T12:23:11,scroll,101.0,2026-03-15
898,1091,u0049,2026-03-06T11:47:26,scroll,62.0,2026-03-06
899,1092,u0122,2026-02-06T23:27:53,purchase,230.0,2026-02-06
900,1093,u0192,2026-02-27T03:21:49,login,114.0,2026-02-27
901,1094,u0037,2026-03-20T08:21:24,click,151.0,2026-03-20
902,1095,u0116,2026-02-17T15:19:05,purchase,63.0,2026-02-17
903,1096,u0056,2026-04-06T10:29:30,click,171.0,2026-04-06
904,1097,u0123,2026-04-06T21:55:33,login,26.0,2026-04-06
905,1098,u0150,2026-04-13T10:59:39,purchase,38.0,2026-04-13
906,1099,u0050,2026-01-23T07:51:16,click,4.0,2026-01-23
907,1100,u0127,2026-03-02T22:46:56,purchase,204.0,2026-03-02
908,1101,u0018,2026-04-06T12:03:03,scroll,15.0,2026-04-06
909,1102,u0120,2026-04-07T13:29:36,purchase,45.0,2026-04-07
910,1103,u0174,2026-01-09T14:56:05,login,52.0,2026-01-09
911,1104,u0101,2026-03-04T03:06:14,scroll,88.0,2026-03-04
912,1105,u0117,2026-01-10T12:49:25,purchase,187.0,2026-01-10
913,1106,u0032,2026-01-20T05:54:36,scroll,16.0,2026-01-20
914,1107,u0054,2026-04-01T04:26:11,login,73.0,2026-04-01
915,1108,u0171,2026-03-12T17:06:21,scroll,5.0,2026-03-12
916,1109,u0004,2026-02-07T11:52:58,login,75.0,2026-02-07
917,1111,u0034,2026-04-03T07:52:24,login,34.0,2026-04-03
918,1112,u0103,2026-02-06T22:54:26,view,25.0,2026-02-06
919,1113,u0033,2026-02-25T10:11:08,login,219.0,2026-02-25
920,1114,u0048,2026-04-05T06:36:45,login,0.0,2026-04-05
921,1115,u0008,2026-02-15T18:16:28,view,23.0,2026-02-15
922,1117,u0124,2026-04-30T13:22:58,login,89.0,2026-04-30
923,1118,u0113,2026-01-05T12:18:29,view,20.0,2026-01-05
924,1121,u0048,2026-03-16T19:04:25,purchase,4.0,2026-03-16
925,1122,u0168,2026-01-16T22:34:53,login,88.0,2026-01-16
926,1123,u0030,2026-02-22T07:26:48,purchase,18.0,2026-02-22
927,1124,u0132,2026-04-02T10:07:27,purchase,28.0,2026-04-02
928,1125,u0140,2026-01-07T21:16:47,view,49.0,2026-01-07
929,1126,u0139,2026-02-27T15:00:13,view,19.0,2026-02-27
930,1127,u0062,2026-04-28T04:43:11,login,183.0,2026-04-28
931,1129,u0014,2026-03-20T04:33:13,login,28.0,2026-03-20
932,1130,u0119,2026-02-12T09:46:21,purchase,9.0,2026-02-12
933,1131,u0064,2026-01-30T11:49:44,login,21.0,2026-01-30
934,1132,u0146,2026-04-26T05:24:42,view,59.0,2026-04-26
935,1133,u0178,2026-02-03T10:51:03,view,26.0,2026-02-03
936,1134,u0135,2026-04-29T16:15:00,click,86.0,2026-04-29
937,1135,u0010,2026-04-30T22:50:18,login,337.0,2026-04-30
938,1136,u0187,2026-02-19T06:53:38,login,11.0,2026-02-19
939,1137,u0123,2026-01-15T17:25:11,click,9.0,2026-01-15
940,1138,u0177,2026-04-01T09:56:10,scroll,30.0,2026-04-01
941,1139,u0080,2026-03-23T02:43:43,scroll,72.0,2026-03-23
942,1140,u0109,2026-01-06T05:16:15,view,90.0,2026-01-06
943,1141,u0011,2026-01-05T10:48:35,purchase,21.0,2026-01-05
944,1142,u0122,2026-01-14T21:21:44,view,242.0,2026-01-14
945,1143,u0058,2026-03-24T13:46:07,purchase,4.0,2026-03-24
946,1144,u0172,2026-03-16T21:22:48,purchase,48.0,2026-03-16
947,1146,u0070,2026-02-09T17:54:32,scroll,205.0,2026-02-09
948,1147,u0099,2026-01-27T22:16:16,click,113.0,2026-01-27
949,1149,u0196,2026-02-01T20:42:38,view,47.0,2026-02-01
950,1150,u0117,2026-02-17T06:07:35,view,9.0,2026-02-17
951,1151,u0010,2026-02-09T01:31:16,scroll,331.0,2026-02-09
952,1152,u0165,2026-02-25T19:39:24,click,71.0,2026-02-25
953,1154,u0069,2026-03-24T10:16:39,login,389.0,2026-03-24
954,1156,u0168,2026-02-06T00:59:47,purchase,31.0,2026-02-06
955,1157,u0105,2026-02-02T03:37:17,login,212.0,2026-02-02
956,1159,u0055,2026-03-26T03:55:21,login,169.0,2026-03-26
957,1160,u0115,2026-04-09T13:23:05,scroll,88.0,2026-04-09
958,1161,u0112,2026-02-13T08:59:42,scroll,114.0,2026-02-13
959,1162,u0074,2026-04-19T16:54:05,login,205.0,2026-04-19
960,1164,u0038,2026-01-06T00:07:36,purchase,0.0,2026-01-06
961,1165,u0162,2026-03-29T23:15:33,login,22.0,2026-03-29
962,1166,u0070,2026-03-01T20:24:30,scroll,8.0,2026-03-01
963,1167,u0167,2026-02-06T07:31:44,purchase,21.0,2026-02-06
964,1168,u0122,2026-04-02T07:35:17,view,8.0,2026-04-02
965,1169,u0192,2026-03-19T13:07:43,click,111.0,2026-03-19
966,1171,u0075,2026-02-10T14:34:55,login,40.0,2026-02-10
967,1173,u0081,2026-02-23T02:49:51,view,25.0,2026-02-23
968,1174,u0130,2026-03-02T14:10:06,scroll,19.0,2026-03-02
969,1175,u0077,2026-04-29T02:54:43,scroll,104.0,2026-04-29
970,1177,u0188,2026-03-14T12:20:22,view,52.0,2026-03-14
971,1178,u0004,2026-03-22T00:08:10,click,56.0,2026-03-22
972,1180,u0007,2026-01-20T05:26:06,login,42.0,2026-01-20
973,1181,u0039,2026-02-05T10:12:43,login,34.0,2026-02-05
974,1182,u0126,2026-03-26T09:03:03,click,199.0,2026-03-26
975,1183,u0139,2026-03-10T15:53:36,click,37.0,2026-03-10
976,1185,u0159,2026-01-04T07:55:50,click,118.0,2026-01-04
977,1186,u0154,2026-02-18T21:10:29,purchase,299.0,2026-02-18
978,1187,u0017,2026-02-08T18:00:18,scroll,107.0,2026-02-08
979,1188,u0148,2026-01-12T01:04:44,purchase,292.0,2026-01-12
980,1189,u0132,2026-01-20T14:21:39,scroll,189.0,2026-01-20
981,1192,u0063,2026-01-22T16:05:17,view,242.0,2026-01-22
982,1193,u0030,2026-03-06T03:19:08,click,32.0,2026-03-06
983,1194,u0198,2026-03-17T13:14:07,scroll,20.0,2026-03-17
984,1195,u0052,2026-04-08T16:30:03,scroll,82.0,2026-04-08
985,1196,u0047,2026-03-16T17:09:38,login,219.0,2026-03-16
986,1197,u0094,2026-02-20T17:35:36,view,15.0,2026-02-20
987,1199,u0067,2026-01-18T12:35:18,purchase,13.0,2026-01-18
988,1200,u0158,2026-04-02T20:35:53,purchase,202.0,2026-04-02
989,1201,u0099,2026-03-06T21:17:23,view,264.0,2026-03-06
990,1202,u0105,2026-04-17T19:03:48,purchase,43.0,2026-04-17
991,1203,u0172,2026-02-11T04:02:28,login,16.0,2026-02-11
992,1204,u0163,2026-04-02T04:13:48,scroll,240.0,2026-04-02
993,1206,u0085,2026-02-14T02:56:02,scroll,24.0,2026-02-14
994,1207,u0100,2026-02-23T10:23:48,purchase,12.0,2026-02-23
995,1208,u0075,2026-04-14T08:38:41,login,12.0,2026-04-14
996,1209,u0057,2026-02-02T13:15:31,scroll,0.0,2026-02-02
997,1210,u0122,2026-02-09T19:10:35,login,117.0,2026-02-09
998,1211,u0116,2026-03-12T01:44:22,scroll,40.0,2026-03-12
999,1212,u0014,2026-01-14T12:22:58,login,27.0,2026-01-14
1000,1213,u0049,2026-04-01T03:54:51,scroll,264.0,2026-04-01
1001,1214,u0085,2026-01-13T16:03:02,purchase,36.0,2026-01-13
1002,1215,u0060,2026-04-18T04:28:42,click,117.0,2026-04-18
1003,1216,u0135,2026-03-17T04:46:42,login,23.0,2026-03-17
1004,1217,u0005,2026-02-19T13:43:05,purchase,114.0,2026-02-19
1005,1218,u0024,2026-02-22T08:33:09,scroll,60.0,2026-02-22
1006,1219,u0074,2026-02-09T05:47:03,view,61.0,2026-02-09
1007,1220,u0018,2026-02-03T15:12:00,scroll,23.0,2026-02-03
1008,1221,u0115,2026-02-18T09:58:04,purchase,65.0,2026-02-18
1009,1222,u0146,2026-01-06T21:25:20,login,32.0,2026-01-06
1010,1223,u0079,2026-04-17T05:03:28,click,44.0,2026-04-17
1011,1224,u0029,2026-02-02T17:29:44,view,72.0,2026-02-02
1012,1225,u0001,2026-04-04T09:44:49,scroll,107.0,2026-04-04
1013,1226,u0197,2026-04-10T17:22:57,click,35.0,2026-04-10
1014,1227,u0200,2026-02-05T09:49:31,click,85.0,2026-02-05
1015,1228,u0198,2026-03-23T19:44:07,scroll,15.0,2026-03-23
1016,1229,u0143,2026-04-21T09:54:12,login,30.0,2026-04-21
1017,1230,u0187,2026-02-06T11:55:17,view,115.0,2026-02-06
1018,1232,u0194,2026-01-20T19:14:47,click,54.0,2026-01-20
1019,1233,u0073,2026-04-16T00:20:07,login,31.0,2026-04-16
1020,1234,u0161,2026-02-27T15:04:11,click,37.0,2026-02-27
1021,1235,u0055,2026-03-31T03:57:46,purchase,67.0,2026-03-31
1022,1236,u0014,2026-02-14T00:46:10,click,279.0,2026-02-14
1023,1237,u0167,2026-03-22T19:45:30,click,36.0,2026-03-22
1024,1238,u0169,2026-04-19T16:34:36,login,25.0,2026-04-19
1025,1239,u0131,2026-04-19T16:16:30,scroll,19.0,2026-04-19
1026,1240,u0015,2026-02-11T05:28:15,click,297.0,2026-02-11
1027,1243,u0111,2026-01-08T00:47:44,purchase,29.0,2026-01-08
1028,1244,u0022,2026-01-01T06:47:49,click,186.0,2026-01-01
1029,1245,u0047,2026-04-06T02:04:42,login,35.0,2026-04-06
1030,1246,u0190,2026-01-20T08:04:47,view,90.0,2026-01-20
1031,1247,u0183,2026-02-23T02:59:10,scroll,88.0,2026-02-23
1032,1248,u0043,2026-04-16T18:53:45,view,62.0,2026-04-16
1033,1249,u0145,2026-02-12T21:02:24,view,180.0,2026-02-12
1034,1250,u0077,2026-01-20T21:02:08,login,45.0,2026-01-20
1035,1251,u0102,2026-02-13T09:22:13,login,33.0,2026-02-13
1036,1253,u0078,2026-02-28T06:41:35,click,7.0,2026-02-28
1037,1254,u0144,2026-04-22T08:22:21,purchase,84.0,2026-04-22
1038,1255,u0064,2026-04-17T09:33:48,scroll,73.0,2026-04-17
1039,1256,u0119,2026-03-24T19:46:37,click,21.0,2026-03-24
1040,1258,u0136,2026-04-05T02:56:23,purchase,101.0,2026-04-05
1041,1259,u0070,2026-02-26T14:19:24,scroll,743.0,2026-02-26
1042,1260,u0014,2026-02-16T12:47:55,login,45.0,2026-02-16
1043,1261,u0155,2026-02-13T13:07:51,scroll,50.0,2026-02-13
1044,1262,u0074,2026-04-22T03:07:19,click,94.0,2026-04-22
1045,1263,u0159,2026-02-18T01:07:04,login,56.0,2026-02-18
1046,1264,u0146,2026-02-24T12:30:45,login,6.0,2026-02-24
1047,1265,u0141,2026-03-06T21:20:24,view,162.0,2026-03-06
1048,1266,u0111,2026-03-17T22:07:13,view,97.0,2026-03-17
1049,1267,u0078,2026-01-02T20:18:50,login,100.0,2026-01-02
1050,1269,u0166,2026-04-08T12:14:55,purchase,92.0,2026-04-08
1051,1270,u0189,2026-03-04T07:58:28,view,84.0,2026-03-04
1052,1272,u0086,2026-01-07T00:34:44,login,19.0,2026-01-07
1053,1273,u0033,2026-04-23T08:12:53,purchase,40.0,2026-04-23
1054,1275,u0003,2026-03-05T06:17:29,view,50.0,2026-03-05
1055,1276,u0130,2026-01-13T23:56:17,view,102.0,2026-01-13
1056,1277,u0090,2026-01-04T20:15:52,view,26.0,2026-01-04
1057,1280,u0193,2026-01-15T22:09:06,click,79.0,2026-01-15
1058,1281,u0188,2026-03-07T20:18:49,view,38.0,2026-03-07
1059,1282,u0180,2026-03-10T15:18:54,scroll,35.0,2026-03-10
1060,1283,u0171,2026-04-30T13:05:44,purchase,20.0,2026-04-30
1061,1284,u0059,2026-01-16T23:13:49,purchase,66.0,2026-01-16
1062,1285,u0173,2026-03-23T16:57:46,purchase,17.0,2026-03-23
1063,1286,u0065,2026-04-08T20:13:32,scroll,106.0,2026-04-08
1064,1287,u0149,2026-02-01T17:42:55,scroll,19.0,2026-02-01
1065,1288,u0122,2026-01-26T20:08:35,login,111.0,2026-01-26
1066,1290,u0176,2026-01-10T00:25:23,click,102.0,2026-01-10
1067,1291,u0068,2026-02-10T02:42:24,click,151.0,2026-02-10
1068,1292,u0076,2026-01-15T13:37:11,click,16.0,2026-01-15
1069,1294,u0123,2026-02-04T13:31:42,view,108.0,2026-02-04
1070,1295,u0065,2026-04-03T13:30:32,click,29.0,2026-04-03
1071,1297,u0048,2026-01-18T08:40:49,purchase,72.0,2026-01-18
1072,1298,u0158,2026-03-28T15:24:41,view,379.0,2026-03-28
1073,1299,u0018,2026-01-21T20:50:03,login,85.0,2026-01-21
1074,1300,u0034,2026-02-11T10:09:21,login,85.0,2026-02-11
1075,1303,u0010,2026-02-01T05:42:34,view,133.0,2026-02-01
1076,1304,u0179,2026-03-06T12:41:26,view,20.0,2026-03-06
1077,1306,u0030,2026-04-30T21:25:51,scroll,19.0,2026-04-30
1078,1307,u0041,2026-02-27T19:45:21,scroll,20.0,2026-02-27
1079,1308,u0045,2026-03-06T22:26:11,purchase,280.0,2026-03-06
1080,1309,u0160,2026-01-28T07:42:34,purchase,60.0,2026-01-28
1081,1310,u0200,2026-03-15T03:14:20,view,60.0,2026-03-15
1082,1311,u0022,2026-04-14T12:21:17,click,0.0,2026-04-14
1083,1312,u0071,2026-04-09T02:46:19,click,32.0,2026-04-09
1084,1313,u0060,2026-04-23T00:51:18,purchase,333.0,2026-04-23
1085,1314,u0073,2026-01-21T14:42:36,purchase,113.0,2026-01-21
1086,1315,u0180,2026-03-10T18:37:07,purchase,109.0,2026-03-10
1087,1316,u0017,2026-02-14T13:56:42,purchase,61.0,2026-02-14
1088,1317,u0025,2026-04-12T13:28:29,click,40.0,2026-04-12
1089,1318,u0053,2026-02-25T18:56:14,login,40.0,2026-02-25
1090,1319,u0031,2026-02-13T02:29:58,login,168.0,2026-02-13
1091,1320,u0103,2026-02-12T15:59:17,login,131.0,2026-02-12
1092,1321,u0042,2026-01-21T20:23:55,scroll,674.0,2026-01-21
1093,1322,u0011,2026-02-17T14:43:49,purchase,91.0,2026-02-17
1094,1325,u0075,2026-02-10T19:51:11,login,119.0,2026-02-10
1095,1326,u0188,2026-01-28T22:53:35,login,58.0,2026-01-28
1096,1327,u0196,2026-03-23T05:32:50,click,173.0,2026-03-23
1097,1328,u0117,2026-04-15T10:10:57,scroll,51.0,2026-04-15
1098,1329,u0056,2026-04-22T17:24:59,click,60.0,2026-04-22
1099,1330,u0004,2026-03-22T04:26:35,login,3.0,2026-03-22
1100,1331,u0056,2026-01-23T10:03:18,view,77.0,2026-01-23
1101,1332,u0011,2026-03-08T01:02:13,click,43.0,2026-03-08
1102,1334,u0163,2026-03-02T00:49:04,login,42.0,2026-03-02
1103,1335,u0027,2026-02-28T21:58:10,click,162.0,2026-02-28
1104,1336,u0121,2026-03-22T07:00:10,click,214.0,2026-03-22
1105,1337,u0072,2026-01-16T05:25:15,view,121.0,2026-01-16
1106,1339,u0101,2026-02-02T12:30:32,login,117.0,2026-02-02
1107,1340,u0165,2026-03-22T20:00:29,click,59.0,2026-03-22
1108,1341,u0041,2026-04-29T18:36:36,login,73.0,2026-04-29
1109,1344,u0016,2026-04-06T01:45:46,click,234.0,2026-04-06
1110,1345,u0109,2026-02-10T21:21:59,click,0.0,2026-02-10
1111,1346,u0132,2026-03-15T01:20:28,purchase,57.0,2026-03-15
1112,1347,u0170,2026-04-08T16:06:45,click,34.0,2026-04-08
1113,1348,u0091,2026-03-23T11:42:46,click,36.0,2026-03-23
1114,1349,u0120,2026-02-01T09:42:54,scroll,12.0,2026-02-01
1115,1350,u0006,2026-03-07T20:08:51,login,91.0,2026-03-07
1116,1351,u0099,2026-04-17T12:01:10,view,39.0,2026-04-17
1117,1352,u0006,2026-01-15T13:28:04,login,5.0,2026-01-15
1118,1353,u0001,2026-04-20T16:48:17,login,63.0,2026-04-20
1119,1354,u0125,2026-02-25T20:50:57,login,48.0,2026-02-25
1120,1356,u0052,2026-02-12T12:52:47,scroll,51.0,2026-02-12
1121,1357,u0077,2026-01-04T08:19:01,login,32.0,2026-01-04
1122,1358,u0102,2026-02-01T23:14:43,view,29.0,2026-02-01
1123,1359,u0014,2026-01-07T11:29:28,scroll,47.0,2026-01-07
1124,1360,u0082,2026-03-16T19:22:34,login,33.0,2026-03-16
1125,1362,u0064,2026-01-07T08:21:32,click,125.0,2026-01-07
1126,1363,u0063,2026-03-27T11:12:29,purchase,98.0,2026-03-27
1127,1364,u0085,2026-04-09T10:24:39,view,13.0,2026-04-09
1128,1365,u0072,2026-01-09T23:44:29,click,112.0,2026-01-09
1129,1366,u0131,2026-04-04T00:52:56,click,37.0,2026-04-04
1130,1367,u0162,2026-01-05T06:43:37,login,96.0,2026-01-05
1131,1368,u0199,2026-04-13T16:58:09,click,33.0,2026-04-13
1132,1369,u0125,2026-04-23T11:16:10,view,40.0,2026-04-23
1133,1370,u0187,2026-01-24T15:46:19,purchase,471.0,2026-01-24
1134,1373,u0031,2026-04-11T11:12:34,view,184.0,2026-04-11
1135,1374,u0055,2026-03-05T05:10:02,login,20.0,2026-03-05
1136,1375,u0149,2026-04-29T22:37:53,scroll,37.0,2026-04-29
1137,1377,u0157,2026-01-14T15:59:21,purchase,27.0,2026-01-14
1138,1378,u0126,2026-04-03T17:13:30,scroll,19.0,2026-04-03
1139,1379,u0033,2026-01-28T23:47:39,click,0.0,2026-01-28
1140,1380,u0199,2026-02-03T17:29:52,view,139.0,2026-02-03
1141,1381,u0079,2026-04-25T12:31:02,click,38.0,2026-04-25
1142,1382,u0057,2026-01-23T07:28:41,click,214.0,2026-01-23
1143,1383,u0146,2026-01-15T02:16:29,purchase,22.0,2026-01-15
1144,1384,u0020,2026-03-08T18:17:32,login,0.0,2026-03-08
1145,1385,u0071,2026-04-20T16:39:55,purchase,43.0,2026-04-20
1146,1386,u0003,2026-01-16T23:15:10,click,57.0,2026-01-16
1147,1387,u0121,2026-03-21T15:27:23,purchase,35.0,2026-03-21
1148,1388,u0098,2026-01-02T00:58:26,scroll,574.0,2026-01-02
1149,1389,u0035,2026-03-13T22:31:31,view,42.0,2026-03-13
1150,1390,u0025,2026-03-08T16:53:11,purchase,14.0,2026-03-08
1151,1391,u0017,2026-03-21T17:22:16,click,31.0,2026-03-21
1152,1392,u0176,2026-04-22T05:11:53,click,25.0,2026-04-22
1153,1393,u0055,2026-02-14T10:52:10,view,81.0,2026-02-14
1154,1394,u0066,2026-03-22T01:09:51,click,16.0,2026-03-22
1155,1395,u0043,2026-01-06T22:53:40,scroll,135.0,2026-01-06
1156,1396,u0054,2026-02-28T21:14:32,purchase,54.0,2026-02-28
1157,1397,u0169,2026-04-16T05:45:38,login,38.0,2026-04-16
1158,1398,u0080,2026-02-09T05:48:37,login,208.0,2026-02-09
1159,1399,u0017,2026-01-03T04:29:04,purchase,17.0,2026-01-03
1160,1400,u0164,2026-02-21T18:20:11,purchase,37.0,2026-02-21
1161,1402,u0001,2026-04-10T02:47:05,purchase,154.0,2026-04-10
1162,1404,u0038,2026-04-17T18:28:36,login,53.0,2026-04-17
1163,1407,u0039,2026-02-03T02:50:19,click,33.0,2026-02-03
1164,1408,u0173,2026-03-13T18:04:50,click,37.0,2026-03-13
1165,1409,u0154,2026-03-18T16:47:18,scroll,45.0,2026-03-18
1166,1410,u0178,2026-04-16T16:08:55,view,22.0,2026-04-16
1167,1411,u0054,2026-04-28T08:13:52,purchase,9.0,2026-04-28
1168,1412,u0081,2026-02-02T21:49:45,login,170.0,2026-02-02
1169,1413,u0132,2026-02-14T10:25:06,purchase,30.0,2026-02-14
1170,1414,u0088,2026-04-04T09:39:21,purchase,89.0,2026-04-04
1171,1415,u0059,2026-03-20T21:43:04,purchase,316.0,2026-03-20
1172,1416,u0061,2026-04-22T15:13:40,scroll,45.0,2026-04-22
1173,1417,u0078,2026-04-20T22:19:49,click,88.0,2026-04-20
1174,1418,u0095,2026-02-03T13:19:52,purchase,14.0,2026-02-03
1175,1419,u0102,2026-02-28T18:05:38,scroll,210.0,2026-02-28
1176,1420,u0032,2026-02-21T19:12:31,scroll,378.0,2026-02-21
1177,1421,u0033,2026-04-02T00:34:46,click,12.0,2026-04-02
1178,1422,u0088,2026-03-26T20:13:44,click,83.0,2026-03-26
1179,1423,u0034,2026-01-20T23:02:26,login,163.0,2026-01-20
1180,1424,u0049,2026-02-14T21:50:51,click,67.0,2026-02-14
1181,1425,u0115,2026-01-26T20:47:48,scroll,47.0,2026-01-26
1182,1427,u0069,2026-04-05T03:14:17,click,52.0,2026-04-05
1183,1428,u0046,2026-02-05T21:56:04,purchase,50.0,2026-02-05
1184,1429,u0083,2026-02-25T11:45:39,scroll,46.0,2026-02-25
1185,1430,u0183,2026-03-06T00:26:02,login,17.0,2026-03-06
1186,1431,u0123,2026-03-24T22:14:11,click,69.0,2026-03-24
1187,1433,u0097,2026-01-08T22:16:47,view,99.0,2026-01-08
1188,1434,u0096,2026-04-02T21:57:50,scroll,86.0,2026-04-02
1189,1435,u0025,2026-02-28T23:50:19,view,15.0,2026-02-28
1190,1436,u0103,2026-04-05T14:26:44,purchase,80.0,2026-04-05
1191,1437,u0065,2026-03-29T04:49:32,scroll,40.0,2026-03-29
1192,1439,u0084,2026-01-21T09:47:19,click,14.0,2026-01-21
1193,1440,u0063,2026-01-12T07:44:51,view,113.0,2026-01-12
1194,1441,u0133,2026-01-18T19:07:38,login,272.0,2026-01-18
1195,1442,u0047,2026-03-06T00:41:38,login,69.0,2026-03-06
1196,1443,u0117,2026-01-25T07:11:50,scroll,44.0,2026-01-25
1197,1444,u0136,2026-02-06T21:11:58,view,33.0,2026-02-06
1198,1445,u0082,2026-03-14T03:41:57,view,200.0,2026-03-14
1199,1446,u0055,2026-03-20T20:41:14,view,95.0,2026-03-20
1200,1448,u0144,2026-04-05T11:41:48,click,93.0,2026-04-05
1201,1449,u0060,2026-03-24T13:32:41,view,117.0,2026-03-24
1202,1451,u0062,2026-03-22T20:42:26,click,225.0,2026-03-22
1203,1452,u0189,2026-04-09T11:57:31,login,65.0,2026-04-09
1204,1453,u0027,2026-02-27T20:01:46,login,49.0,2026-02-27
1205,1454,u0101,2026-01-20T19:44:11,view,175.0,2026-01-20
1206,1455,u0011,2026-04-29T20:11:23,scroll,75.0,2026-04-29
1207,1456,u0149,2026-02-22T04:06:48,purchase,27.0,2026-02-22
1208,1457,u0012,2026-04-22T16:33:35,view,0.0,2026-04-22
1209,1459,u0047,2026-01-22T12:03:46,purchase,20.0,2026-01-22
1210,1460,u0124,2026-01-25T03:35:57,login,3.0,2026-01-25
1211,1461,u0133,2026-04-28T03:41:38,click,25.0,2026-04-28
1212,1462,u0184,2026-01-08T19:29:02,login,31.0,2026-01-08
1213,1463,u0046,2026-04-11T08:29:04,view,117.0,2026-04-11
1214,1464,u0178,2026-01-21T12:30:48,purchase,9.0,2026-01-21
1215,1465,u0147,2026-03-25T21:49:07,click,224.0,2026-03-25
1216,1468,u0177,2026-04-02T01:49:53,login,33.0,2026-04-02
1217,1469,u0200,2026-03-13T05:56:29,purchase,16.0,2026-03-13
1218,1470,u0047,2026-01-08T11:18:49,scroll,11.0,2026-01-08
1219,1471,u0190,2026-04-29T18:13:08,scroll,128.0,2026-04-29
1220,1472,u0139,2026-03-18T18:35:52,purchase,129.0,2026-03-18
1221,1473,u0172,2026-02-25T18:40:36,scroll,0.0,2026-02-25
1222,1474,u0090,2026-02-07T18:35:53,purchase,81.0,2026-02-07
1223,1475,u0009,2026-01-03T03:36:16,view,52.0,2026-01-03
1224,1476,u0024,2026-01-27T02:57:20,login,55.0,2026-01-27
1225,1477,u0064,2026-03-26T06:59:24,purchase,187.0,2026-03-26
1226,1478,u0093,2026-01-01T23:07:47,view,32.0,2026-01-01
1227,1479,u0051,2026-04-19T04:35:34,login,24.0,2026-04-19
1228,1480,u0118,2026-01-12T00:12:04,scroll,20.0,2026-01-12
1229,1481,u0067,2026-04-09T18:21:54,purchase,149.0,2026-04-09
1230,1482,u0060,2026-03-03T19:15:42,view,224.0,2026-03-03
1231,1483,u0146,2026-02-20T01:33:49,view,99.0,2026-02-20
1232,1484,u0149,2026-02-12T10:37:28,purchase,76.0,2026-02-12
1233,1485,u0066,2026-04-26T03:18:29,login,84.0,2026-04-26
1234,1486,u0056,2026-03-24T06:02:24,login,151.0,2026-03-24
1235,1487,u0007,2026-01-17T14:38:20,purchase,109.0,2026-01-17
1236,1488,u0196,2026-03-18T06:59:42,login,23.0,2026-03-18
1237,1489,u0058,2026-02-12T20:29:22,view,120.0,2026-02-12
1238,1490,u0020,2026-02-05T16:50:18,click,283.0,2026-02-05
1239,1492,u0179,2026-04-29T18:23:38,purchase,166.0,2026-04-29
1240,1493,u0017,2026-03-07T06:59:38,login,32.0,2026-03-07
1241,1494,u0005,2026-04-23T09:08:04,click,77.0,2026-04-23
1242,1495,u0081,2026-03-22T22:45:17,click,17.0,2026-03-22
1243,1496,u0168,2026-04-11T15:40:40,login,46.0,2026-04-11
1244,1497,u0166,2026-04-20T04:47:04,login,265.0,2026-04-20
1245,1498,u0059,2026-04-29T04:03:53,view,163.0,2026-04-29
1246,1499,u0164,2026-04-03T09:57:01,purchase,72.0,2026-04-03
1247,1500,u0018,2026-04-19T18:17:23,scroll,100.0,2026-04-19
1248,1501,u0121,2026-02-26T04:01:18,click,51.0,2026-02-26
1249,1502,u0027,2026-03-11T01:06:20,click,127.0,2026-03-11
1250,1503,u0198,2026-04-04T12:03:22,login,192.0,2026-04-04
1251,1504,u0169,2026-04-09T22:30:31,click,271.0,2026-04-09
1252,1505,u0079,2026-03-27T18:54:33,click,79.0,2026-03-27
1253,1506,u0191,2026-04-04T23:51:58,view,45.0,2026-04-04
1254,1508,u0052,2026-02-10T19:28:41,scroll,48.0,2026-02-10
1255,1509,u0071,2026-03-16T08:45:29,click,18.0,2026-03-16
1256,1510,u0158,2026-04-07T22:46:00,login,24.0,2026-04-07
1257,1511,u0169,2026-04-10T16:21:16,login,664.0,2026-04-10
1258,1512,u0089,2026-03-20T11:08:03,login,131.0,2026-03-20
1259,1513,u0086,2026-01-24T18:10:56,login,20.0,2026-01-24
1260,1514,u0103,2026-03-10T21:55:47,click,5.0,2026-03-10
1261,1515,u0064,2026-02-21T20:13:40,scroll,20.0,2026-02-21
1262,1516,u0171,2026-03-21T13:57:14,scroll,8.0,2026-03-21
1263,1517,u0054,2026-03-02T13:28:54,view,85.0,2026-03-02
1264,1518,u0110,2026-04-12T11:05:43,scroll,61.0,2026-04-12
1265,1519,u0110,2026-01-20T00:51:09,purchase,90.0,2026-01-20
1266,1520,u0135,2026-01-06T22:04:41,view,72.0,2026-01-06
1267,1521,u0003,2026-02-08T06:20:45,view,308.0,2026-02-08
1268,1522,u0191,2026-01-10T09:26:44,purchase,24.0,2026-01-10
1269,1523,u0001,2026-03-13T13:53:14,view,23.0,2026-03-13
1270,1524,u0055,2026-01-11T14:17:12,scroll,47.0,2026-01-11
1271,1525,u0190,2026-02-08T20:37:30,login,144.0,2026-02-08
1272,1526,u0057,2026-04-28T18:14:21,view,36.0,2026-04-28
1273,1528,u0092,2026-03-05T05:34:01,purchase,21.0,2026-03-05
1274,1529,u0107,2026-01-28T01:56:31,scroll,55.0,2026-01-28
1275,1530,u0123,2026-04-01T13:44:17,login,10.0,2026-04-01
1276,1531,u0063,2026-01-03T09:49:27,click,16.0,2026-01-03
1277,1532,u0052,2026-04-09T07:53:39,click,88.0,2026-04-09
1278,1534,u0061,2026-04-19T20:17:04,scroll,63.0,2026-04-19
1279,1536,u0024,2026-04-26T18:30:08,purchase,61.0,2026-04-26
1280,1537,u0193,2026-04-27T07:22:05,view,100.0,2026-04-27
1281,1539,u0142,2026-02-15T14:16:38,click,79.0,2026-02-15
1282,1541,u0174,2026-03-18T19:00:03,login,589.0,2026-03-18
1283,1542,u0121,2026-01-25T18:08:44,login,115.0,2026-01-25
1284,1543,u0192,2026-01-10T12:15:28,view,126.0,2026-01-10
1285,1544,u0180,2026-04-23T10:39:27,scroll,64.0,2026-04-23
1286,1545,u0169,2026-02-25T02:19:58,click,158.0,2026-02-25
1287,1546,u0004,2026-02-07T18:31:24,click,0.0,2026-02-07
1288,1547,u0183,2026-04-27T01:14:21,view,0.0,2026-04-27
1289,1549,u0084,2026-02-28T17:35:28,login,0.0,2026-02-28
1290,1550,u0179,2026-04-14T11:05:40,click,76.0,2026-04-14
1291,1551,u0194,2026-01-13T05:42:02,view,41.0,2026-01-13
1292,1553,u0163,2026-01-15T16:36:46,view,39.0,2026-01-15
1293,1554,u0031,2026-01-10T19:28:55,scroll,17.0,2026-01-10
1294,1555,u0198,2026-03-24T21:11:06,view,25.0,2026-03-24
1295,1556,u0131,2026-03-21T05:20:23,view,93.0,2026-03-21
1296,1558,u0146,2026-03-25T13:04:19,view,127.0,2026-03-25
1297,1559,u0035,2026-04-25T14:15:34,view,43.0,2026-04-25
1298,1560,u0172,2026-03-07T05:14:33,scroll,30.0,2026-03-07
1299,1561,u0147,2026-04-08T13:36:09,view,19.0,2026-04-08
1300,1562,u0093,2026-03-19T05:37:43,purchase,23.0,2026-03-19
1301,1563,u0144,2026-04-25T03:53:19,login,62.0,2026-04-25
1302,1564,u0045,2026-03-04T11:02:57,click,33.0,2026-03-04
1303,1567,u0116,2026-01-17T00:32:16,login,28.0,2026-01-17
1304,1568,u0092,2026-03-02T08:35:31,view,25.0,2026-03-02
1305,1569,u0143,2026-01-30T02:50:01,click,18.0,2026-01-30
1306,1570,u0182,2026-03-29T15:19:08,scroll,9.0,2026-03-29
1307,1571,u0183,2026-03-29T09:36:48,scroll,187.0,2026-03-29
1308,1572,u0047,2026-01-24T01:11:18,click,14.0,2026-01-24
1309,1573,u0004,2026-02-28T00:21:45,scroll,71.0,2026-02-28
1310,1574,u0099,2026-03-17T14:41:24,click,36.0,2026-03-17
1311,1575,u0047,2026-03-05T08:56:45,scroll,86.0,2026-03-05
1312,1576,u0147,2026-03-29T15:36:30,click,30.0,2026-03-29
1313,1577,u0028,2026-03-29T19:53:03,view,203.0,2026-03-29
1314,1578,u0179,2026-01-29T21:50:39,login,26.0,2026-01-29
1315,1579,u0162,2026-02-28T05:45:04,login,154.0,2026-02-28
1316,1580,u0144,2026-01-14T03:15:59,click,105.0,2026-01-14
1317,1581,u0029,2026-02-08T07:31:24,scroll,160.0,2026-02-08
1318,1582,u0177,2026-04-06T21:52:26,scroll,114.0,2026-04-06
1319,1583,u0114,2026-02-01T14:00:54,click,14.0,2026-02-01
1320,1584,u0033,2026-01-03T08:33:43,purchase,322.0,2026-01-03
1321,1585,u0165,2026-01-20T05:56:01,click,0.0,2026-01-20
1322,1586,u0186,2026-04-10T07:47:40,click,31.0,2026-04-10
1323,1589,u0160,2026-01-29T01:58:13,click,47.0,2026-01-29
1324,1590,u0125,2026-02-04T17:07:38,scroll,130.0,2026-02-04
1325,1592,u0147,2026-03-29T16:23:14,purchase,44.0,2026-03-29
1326,1593,u0101,2026-04-07T20:47:23,scroll,157.0,2026-04-07
1327,1594,u0176,2026-01-28T19:10:36,scroll,17.0,2026-01-28
1328,1595,u0065,2026-03-27T13:13:21,scroll,11.0,2026-03-27
1329,1596,u0084,2026-01-13T18:17:22,click,44.0,2026-01-13
1330,1597,u0131,2026-04-04T18:13:57,click,26.0,2026-04-04
1331,1598,u0046,2026-01-15T11:20:57,click,46.0,2026-01-15
1332,1599,u0172,2026-02-02T10:51:50,scroll,161.0,2026-02-02
1333,1600,u0122,2026-04-14T08:18:25,scroll,6.0,2026-04-14
1334,1601,u0079,2026-03-03T14:21:03,view,74.0,2026-03-03
1335,1602,u0011,2026-04-30T12:19:41,login,29.0,2026-04-30
1336,1603,u0103,2026-04-25T09:31:09,view,24.0,2026-04-25
1337,1604,u0013,2026-04-26T00:08:10,purchase,31.0,2026-04-26
1338,1605,u0027,2026-03-07T04:41:53,purchase,13.0,2026-03-07
1339,1606,u0166,2026-03-12T09:22:08,view,18.0,2026-03-12
1340,1607,u0059,2026-01-04T17:53:00,view,46.0,2026-01-04
1341,1608,u0181,2026-01-25T08:50:32,purchase,117.0,2026-01-25
1342,1609,u0045,2026-02-08T10:38:21,purchase,70.0,2026-02-08
1343,1610,u0078,2026-04-02T19:56:25,scroll,23.0,2026-04-02
1344,1611,u0033,2026-02-15T23:02:37,scroll,216.0,2026-02-15
1345,1612,u0007,2026-03-23T16:36:34,scroll,104.0,2026-03-23
1346,1614,u0198,2026-01-26T10:12:33,purchase,31.0,2026-01-26
1347,1615,u0089,2026-02-12T19:16:06,purchase,20.0,2026-02-12
1348,1617,u0061,2026-02-27T22:31:10,login,10.0,2026-02-27
1349,1618,u0165,2026-01-31T23:26:56,view,86.0,2026-01-31
1350,1619,u0146,2026-04-15T07:31:40,click,134.0,2026-04-15
1351,1620,u0034,2026-03-20T17:39:45,login,81.0,2026-03-20
1352,1623,u0151,2026-04-10T21:44:23,login,20.0,2026-04-10
1353,1624,u0145,2026-01-30T04:54:12,login,55.0,2026-01-30
1354,1625,u0038,2026-04-04T01:43:47,purchase,39.0,2026-04-04
1355,1626,u0104,2026-02-05T22:04:12,login,93.0,2026-02-05
1356,1627,u0142,2026-04-12T14:11:33,login,64.0,2026-04-12
1357,1628,u0042,2026-01-06T18:35:02,scroll,14.0,2026-01-06
1358,1629,u0068,2026-01-03T04:00:03,view,57.0,2026-01-03
1359,1630,u0046,2026-04-09T01:11:14,click,32.0,2026-04-09
1360,1631,u0146,2026-02-21T14:52:23,view,21.0,2026-02-21
1361,1632,u0031,2026-03-25T21:00:31,scroll,76.0,2026-03-25
1362,1633,u0149,2026-03-09T04:29:05,view,52.0,2026-03-09
1363,1634,u0073,2026-03-20T19:45:10,view,0.0,2026-03-20
1364,1635,u0044,2026-02-07T18:09:45,view,50.0,2026-02-07
1365,1636,u0094,2026-03-01T02:55:32,click,7.0,2026-03-01
1366,1639,u0027,2026-01-15T06:34:13,login,162.0,2026-01-15
1367,1640,u0105,2026-04-03T23:16:15,scroll,144.0,2026-04-03
1368,1642,u0061,2026-03-18T11:37:03,scroll,269.0,2026-03-18
1369,1643,u0058,2026-02-13T00:34:05,scroll,25.0,2026-02-13
1370,1644,u0183,2026-04-14T17:22:01,login,25.0,2026-04-14
1371,1645,u0052,2026-04-22T10:19:23,purchase,32.0,2026-04-22
1372,1646,u0069,2026-02-20T21:01:01,view,244.0,2026-02-20
1373,1647,u0002,2026-03-01T02:44:27,login,11.0,2026-03-01
1374,1648,u0092,2026-03-22T02:17:18,scroll,62.0,2026-03-22
1375,1649,u0104,2026-02-13T06:46:05,purchase,103.0,2026-02-13
1376,1650,u0126,2026-01-02T15:45:09,purchase,34.0,2026-01-02
1377,1651,u0065,2026-02-12T22:20:48,login,68.0,2026-02-12
1378,1652,u0037,2026-04-21T18:29:17,click,22.0,2026-04-21
1379,1654,u0009,2026-02-08T17:09:18,login,37.0,2026-02-08
1380,1655,u0192,2026-03-21T08:09:47,scroll,126.0,2026-03-21
1381,1656,u0158,2026-02-22T13:15:01,purchase,54.0,2026-02-22
1382,1657,u0151,2026-04-02T21:18:38,click,78.0,2026-04-02
1383,1658,u0077,2026-03-10T09:04:42,scroll,158.0,2026-03-10
1384,1659,u0047,2026-04-20T13:37:07,scroll,117.0,2026-04-20
1385,1660,u0092,2026-01-01T20:41:14,scroll,64.0,2026-01-01
1386,1661,u0121,2026-01-15T07:42:33,scroll,121.0,2026-01-15
1387,1662,u0061,2026-04-27T06:17:56,login,0.0,2026-04-27
1388,1664,u0116,2026-03-29T19:23:16,login,42.0,2026-03-29
1389,1665,u0199,2026-03-02T20:08:47,view,4.0,2026-03-02
1390,1666,u0061,2026-04-15T20:17:21,purchase,183.0,2026-04-15
1391,1667,u0054,2026-04-15T19:17:01,click,230.0,2026-04-15
1392,1668,u0122,2026-01-16T16:09:12,login,55.0,2026-01-16
1393,1669,u0079,2026-02-13T07:11:55,click,318.0,2026-02-13
1394,1670,u0121,2026-02-24T02:07:43,click,141.0,2026-02-24
1395,1671,u0060,2026-04-22T09:05:15,click,77.0,2026-04-22
1396,1672,u0028,2026-04-07T13:35:18,purchase,31.0,2026-04-07
1397,1675,u0105,2026-02-09T17:28:19,purchase,19.0,2026-02-09
1398,1676,u0047,2026-04-11T20:53:40,view,271.0,2026-04-11
1399,1677,u0164,2026-01-21T13:50:43,purchase,12.0,2026-01-21
1400,1679,u0196,2026-04-17T18:35:19,login,91.0,2026-04-17
1401,1680,u0033,2026-02-10T21:33:05,click,188.0,2026-02-10
1402,1681,u0008,2026-03-23T21:12:54,click,44.0,2026-03-23
1403,1682,u0004,2026-03-01T00:27:52,purchase,43.0,2026-03-01
1404,1683,u0046,2026-04-21T16:12:13,click,39.0,2026-04-21
1405,1684,u0017,2026-01-18T22:25:36,login,60.0,2026-01-18
1406,1685,u0190,2026-04-02T01:58:08,purchase,157.0,2026-04-02
1407,1686,u0113,2026-03-02T21:45:21,click,20.0,2026-03-02
1408,1687,u0063,2026-01-28T03:26:12,purchase,33.0,2026-01-28
1409,1688,u0180,2026-01-22T16:22:34,view,45.0,2026-01-22
1410,1689,u0007,2026-01-05T08:59:30,login,32.0,2026-01-05
1411,1690,u0196,2026-03-07T10:11:24,view,58.0,2026-03-07
1412,1691,u0007,2026-04-30T08:03:06,login,10.0,2026-04-30
1413,1692,u0045,2026-02-11T13:35:02,click,0.0,2026-02-11
1414,1693,u0011,2026-03-02T06:35:46,purchase,79.0,2026-03-02
1415,1694,u0197,2026-02-05T22:56:11,view,7.0,2026-02-05
1416,1695,u0042,2026-02-01T00:02:36,login,84.0,2026-02-01
1417,1696,u0128,2026-03-06T19:50:29,view,68.0,2026-03-06
1418,1698,u0040,2026-02-15T00:01:09,scroll,14.0,2026-02-15
1419,1699,u0149,2026-01-22T09:36:32,purchase,954.0,2026-01-22
1420,1700,u0007,2026-04-25T12:25:21,purchase,0.0,2026-04-25
1421,1701,u0184,2026-03-04T06:20:18,purchase,98.0,2026-03-04
1422,1702,u0011,2026-02-09T05:45:18,purchase,374.0,2026-02-09
1423,1703,u0168,2026-04-07T13:35:41,purchase,35.0,2026-04-07
1424,1704,u0011,2026-02-15T06:22:32,view,605.0,2026-02-15
1425,1706,u0199,2026-02-14T09:48:54,purchase,92.0,2026-02-14
1426,1707,u0143,2026-04-05T01:35:14,scroll,9.0,2026-04-05
1427,1709,u0019,2026-04-02T15:57:49,scroll,55.0,2026-04-02
1428,1710,u0033,2026-04-10T21:50:10,click,24.0,2026-04-10
1429,1711,u0144,2026-03-15T08:01:19,purchase,134.0,2026-03-15
1430,1712,u0074,2026-04-09T06:34:47,scroll,52.0,2026-04-09
1431,1714,u0060,2026-02-21T02:25:21,scroll,42.0,2026-02-21
1432,1715,u0190,2026-04-04T22:41:52,click,24.0,2026-04-04
1433,1717,u0011,2026-04-01T05:18:48,login,95.0,2026-04-01
1434,1718,u0119,2026-04-06T00:56:39,view,133.0,2026-04-06
1435,1719,u0056,2026-01-13T19:39:08,view,60.0,2026-01-13
1436,1720,u0004,2026-02-24T15:35:40,click,21.0,2026-02-24
1437,1721,u0157,2026-03-14T08:48:54,login,21.0,2026-03-14
1438,1722,u0144,2026-01-09T15:18:46,click,151.0,2026-01-09
1439,1723,u0168,2026-02-18T13:02:10,click,41.0,2026-02-18
1440,1724,u0047,2026-03-21T08:56:49,click,44.0,2026-03-21
1441,1725,u0174,2026-01-13T10:03:47,purchase,9.0,2026-01-13
1442,1726,u0075,2026-03-21T17:17:15,purchase,39.0,2026-03-21
1443,1727,u0113,2026-02-05T12:06:33,click,26.0,2026-02-05
1444,1728,u0162,2026-03-09T12:12:16,scroll,6.0,2026-03-09
1445,1731,u0041,2026-03-14T00:39:45,login,92.0,2026-03-14
1446,1732,u0193,2026-02-23T18:11:03,login,71.0,2026-02-23
1447,1733,u0099,2026-03-03T04:31:41,view,64.0,2026-03-03
1448,1735,u0159,2026-02-27T06:03:45,purchase,386.0,2026-02-27
1449,1736,u0006,2026-04-11T23:36:45,click,10.0,2026-04-11
1450,1737,u0037,2026-02-14T12:50:22,view,261.0,2026-02-14
1451,1738,u0033,2026-04-20T10:57:32,login,28.0,2026-04-20
1452,1739,u0017,2026-03-07T11:55:51,login,12.0,2026-03-07
1453,1741,u0036,2026-04-23T11:04:44,click,66.0,2026-04-23
1454,1743,u0118,2026-02-07T15:29:35,scroll,25.0,2026-02-07
1455,1744,u0129,2026-01-02T23:06:32,scroll,214.0,2026-01-02
1456,1745,u0001,2026-02-09T08:09:42,purchase,127.0,2026-02-09
1457,1746,u0150,2026-04-12T02:29:22,view,50.0,2026-04-12
1458,1747,u0070,2026-02-27T07:36:40,view,41.0,2026-02-27
1459,1748,u0160,2026-02-07T14:01:04,click,0.0,2026-02-07
1460,1749,u0138,2026-01-20T05:34:22,view,50.0,2026-01-20
1461,1750,u0145,2026-04-10T10:33:06,purchase,1525.0,2026-04-10
1462,1751,u0062,2026-02-05T18:36:53,purchase,49.0,2026-02-05
1463,1752,u0105,2026-04-18T17:39:53,view,112.0,2026-04-18
1464,1753,u0002,2026-04-19T20:46:04,login,64.0,2026-04-19
1465,1754,u0009,2026-04-28T13:07:48,view,72.0,2026-04-28
1466,1756,u0101,2026-02-05T06:40:30,view,7.0,2026-02-05
1467,1757,u0198,2026-04-26T08:19:58,purchase,70.0,2026-04-26
1468,1758,u0009,2026-04-02T17:01:27,purchase,5.0,2026-04-02
1469,1759,u0055,2026-03-31T22:30:11,purchase,26.0,2026-03-31
1470,1761,u0128,2026-03-08T10:31:43,scroll,29.0,2026-03-08
1471,1762,u0038,2026-01-09T08:27:31,login,123.0,2026-01-09
1472,1764,u0137,2026-03-16T04:05:57,click,25.0,2026-03-16
1473,1765,u0079,2026-03-22T19:10:32,login,239.0,2026-03-22
1474,1766,u0154,2026-02-11T03:57:20,scroll,100.0,2026-02-11
1475,1767,u0056,2026-03-20T23:23:17,scroll,130.0,2026-03-20
1476,1768,u0158,2026-02-12T01:59:30,click,60.0,2026-02-12
1477,1769,u0059,2026-03-11T17:36:04,scroll,14.0,2026-03-11
1478,1771,u0119,2026-02-21T07:20:47,login,297.0,2026-02-21
1479,1772,u0075,2026-03-10T20:10:59,view,64.0,2026-03-10
1480,1773,u0022,2026-03-20T04:23:41,purchase,102.0,2026-03-20
1481,1774,u0027,2026-03-30T18:50:19,view,78.0,2026-03-30
1482,1775,u0049,2026-01-05T15:32:13,login,22.0,2026-01-05
1483,1778,u0111,2026-04-25T03:50:47,scroll,38.0,2026-04-25
1484,1779,u0015,2026-01-06T02:24:15,view,132.0,2026-01-06
1485,1780,u0090,2026-04-07T14:45:02,scroll,0.0,2026-04-07
1486,1781,u0197,2026-02-18T05:45:51,click,57.0,2026-02-18
1487,1782,u0151,2026-04-22T04:34:54,view,356.0,2026-04-22
1488,1783,u0044,2026-01-14T17:16:01,click,9.0,2026-01-14
1489,1784,u0091,2026-01-17T12:04:28,login,44.0,2026-01-17
1490,1785,u0078,2026-01-30T04:32:20,scroll,48.0,2026-01-30
1491,1786,u0086,2026-01-11T11:44:25,login,29.0,2026-01-11
1492,1787,u0077,2026-03-22T19:01:28,scroll,73.0,2026-03-22
1493,1788,u0123,2026-01-10T11:11:32,login,96.0,2026-01-10
1494,1789,u0183,2026-03-24T11:10:11,view,18.0,2026-03-24
1495,1790,u0005,2026-02-08T12:59:07,login,410.0,2026-02-08
1496,1791,u0055,2026-01-29T12:10:20,purchase,28.0,2026-01-29
1497,1792,u0173,2026-03-10T02:06:10,scroll,45.0,2026-03-10
1498,1793,u0175,2026-01-19T00:59:26,view,262.0,2026-01-19
1499,1794,u0175,2026-01-01T17:35:52,purchase,100.0,2026-01-01
1500,1795,u0036,2026-01-25T15:34:23,scroll,210.0,2026-01-25
1501,1797,u0010,2026-03-16T01:44:56,scroll,217.0,2026-03-16
1502,1799,u0180,2026-04-29T09:18:48,click,31.0,2026-04-29
1503,1800,u0026,2026-03-25T15:55:55,purchase,165.0,2026-03-25
1504,1801,u0102,2026-01-10T17:29:40,login,24.0,2026-01-10
1505,1802,u0027,2026-03-07T04:09:28,login,0.0,2026-03-07
1506,1804,u0024,2026-04-05T02:14:31,scroll,34.0,2026-04-05
1507,1805,u0147,2026-01-14T14:00:42,view,13.0,2026-01-14
1508,1806,u0151,2026-03-20T13:38:03,purchase,141.0,2026-03-20
1509,1807,u0200,2026-03-01T16:33:11,view,114.0,2026-03-01
1510,1808,u0063,2026-03-28T20:28:40,click,72.0,2026-03-28
1511,1810,u0163,2026-03-25T12:05:27,purchase,37.0,2026-03-25
1512,1811,u0064,2026-04-24T06:53:32,login,36.0,2026-04-24
1513,1812,u0140,2026-04-21T00:43:57,login,105.0,2026-04-21
1514,1813,u0100,2026-02-06T02:03:11,click,85.0,2026-02-06
1515,1814,u0145,2026-04-06T22:42:31,click,183.0,2026-04-06
1516,1815,u0157,2026-02-13T06:11:09,view,197.0,2026-02-13
1517,1816,u0183,2026-02-07T11:37:47,view,32.0,2026-02-07
1518,1817,u0109,2026-03-13T20:54:52,click,76.0,2026-03-13
1519,1818,u0142,2026-03-09T19:38:34,scroll,17.0,2026-03-09
1520,1819,u0192,2026-04-22T15:16:35,login,34.0,2026-04-22
1521,1820,u0014,2026-03-07T00:47:16,scroll,14.0,2026-03-07
1522,1821,u0091,2026-03-01T15:08:56,scroll,34.0,2026-03-01
1523,1822,u0069,2026-04-09T04:49:35,purchase,14.0,2026-04-09
1524,1823,u0028,2026-01-18T11:01:12,purchase,85.0,2026-01-18
1525,1824,u0132,2026-04-27T15:41:12,click,47.0,2026-04-27
1526,1825,u0190,2026-01-04T00:24:54,login,56.0,2026-01-04
1527,1826,u0019,2026-01-02T10:40:28,login,387.0,2026-01-02
1528,1827,u0172,2026-01-23T13:31:59,purchase,0.0,2026-01-23
1529,1828,u0004,2026-01-01T18:08:16,purchase,139.0,2026-01-01
1530,1829,u0143,2026-01-12T05:34:35,view,170.0,2026-01-12
1531,1830,u0181,2026-04-09T04:21:25,scroll,29.0,2026-04-09
1532,1831,u0056,2026-04-12T07:25:20,login,136.0,2026-04-12
1533,1832,u0148,2026-04-09T22:15:34,click,25.0,2026-04-09
1534,1833,u0046,2026-04-16T11:52:57,scroll,20.0,2026-04-16
1535,1834,u0178,2026-01-30T13:02:32,view,90.0,2026-01-30
1536,1835,u0025,2026-03-21T06:55:28,login,278.0,2026-03-21
1537,1836,u0161,2026-03-03T14:50:27,scroll,17.0,2026-03-03
1538,1837,u0136,2026-03-11T03:27:48,scroll,33.0,2026-03-11
1539,1838,u0092,2026-02-24T19:56:34,view,16.0,2026-02-24
1540,1839,u0133,2026-04-30T12:52:35,purchase,29.0,2026-04-30
1541,1840,u0192,2026-03-24T13:07:30,purchase,19.0,2026-03-24
1542,1842,u0197,2026-02-01T11:40:36,view,24.0,2026-02-01
1543,1844,u0065,2026-02-23T17:47:22,click,12.0,2026-02-23
1544,1845,u0180,2026-01-30T19:37:29,purchase,39.0,2026-01-30
1545,1846,u0164,2026-03-14T08:17:35,scroll,7.0,2026-03-14
1546,1848,u0130,2026-04-28T12:32:20,view,74.0,2026-04-28
1547,1850,u0072,2026-03-12T01:09:43,click,28.0,2026-03-12
1548,1851,u0032,2026-03-08T21:24:34,purchase,320.0,2026-03-08
1549,1852,u0039,2026-01-21T09:33:19,click,11.0,2026-01-21
1550,1853,u0195,2026-01-11T13:57:05,login,209.0,2026-01-11
1551,1857,u0073,2026-04-02T16:29:14,login,193.0,2026-04-02
1552,1858,u0158,2026-03-11T02:08:31,purchase,179.0,2026-03-11
1553,1859,u0100,2026-01-26T19:29:11,view,48.0,2026-01-26
1554,1860,u0144,2026-01-10T20:22:04,view,32.0,2026-01-10
1555,1861,u0183,2026-04-25T22:34:37,click,88.0,2026-04-25
1556,1862,u0166,2026-04-09T21:14:50,view,110.0,2026-04-09
1557,1863,u0118,2026-02-20T19:37:52,scroll,13.0,2026-02-20
1558,1864,u0134,2026-02-25T04:17:20,scroll,126.0,2026-02-25
1559,1865,u0083,2026-01-26T03:15:35,login,15.0,2026-01-26
1560,1867,u0160,2026-01-13T19:39:33,click,167.0,2026-01-13
1561,1868,u0034,2026-03-30T18:11:57,view,28.0,2026-03-30
1562,1869,u0033,2026-01-28T09:40:24,purchase,121.0,2026-01-28
1563,1870,u0141,2026-04-02T04:58:42,scroll,13.0,2026-04-02
1564,1871,u0187,2026-03-12T08:39:10,login,129.0,2026-03-12
1565,1872,u0104,2026-02-15T08:44:30,scroll,0.0,2026-02-15
1566,1874,u0021,2026-04-14T09:47:42,view,225.0,2026-04-14
1567,1875,u0098,2026-01-29T20:04:43,scroll,26.0,2026-01-29
1568,1876,u0128,2026-01-14T13:29:45,login,13.0,2026-01-14
1569,1877,u0018,2026-03-06T20:42:37,click,310.0,2026-03-06
1570,1878,u0063,2026-01-27T14:37:19,click,41.0,2026-01-27
1571,1880,u0030,2026-02-10T11:23:27,login,32.0,2026-02-10
1572,1881,u0089,2026-04-29T17:49:25,view,125.0,2026-04-29
1573,1883,u0021,2026-03-21T01:21:29,click,53.0,2026-03-21
1574,1884,u0139,2026-01-08T00:34:14,login,684.0,2026-01-08
1575,1885,u0118,2026-02-22T05:03:22,scroll,44.0,2026-02-22
1576,1886,u0178,2026-01-21T04:15:50,click,64.0,2026-01-21
1577,1888,u0176,2026-01-07T22:08:26,login,128.0,2026-01-07
1578,1889,u0133,2026-01-31T00:04:43,purchase,133.0,2026-01-31
1579,1890,u0021,2026-02-19T14:08:24,purchase,164.0,2026-02-19
1580,1891,u0018,2026-03-01T23:39:16,scroll,71.0,2026-03-01
1581,1893,u0023,2026-01-02T16:05:35,click,29.0,2026-01-02
1582,1894,u0005,2026-01-07T20:22:19,login,33.0,2026-01-07
1583,1895,u0165,2026-03-17T21:24:48,login,16.0,2026-03-17
1584,1896,u0096,2026-03-18T02:47:09,scroll,360.0,2026-03-18
1585,1897,u0117,2026-03-14T15:05:40,view,104.0,2026-03-14
1586,1898,u0079,2026-04-26T18:54:57,scroll,0.0,2026-04-26
1587,1899,u0020,2026-04-12T10:09:17,click,19.0,2026-04-12
1588,1900,u0156,2026-04-22T15:09:54,login,71.0,2026-04-22
1589,1902,u0004,2026-04-15T03:57:25,login,23.0,2026-04-15
1590,1903,u0138,2026-02-12T16:47:09,scroll,109.0,2026-02-12
1591,1904,u0075,2026-01-23T19:16:49,login,34.0,2026-01-23
1592,1905,u0082,2026-02-02T07:22:13,scroll,20.0,2026-02-02
1593,1906,u0110,2026-01-26T18:02:59,scroll,72.0,2026-01-26
1594,1907,u0083,2026-04-15T15:10:20,view,9.0,2026-04-15
1595,1908,u0062,2026-02-12T09:18:20,purchase,101.0,2026-02-12
1596,1909,u0042,2026-04-12T14:44:12,click,37.0,2026-04-12
1597,1910,u0103,2026-02-21T14:31:54,login,63.0,2026-02-21
1598,1912,u0159,2026-02-12T13:08:18,view,68.0,2026-02-12
1599,1913,u0045,2026-01-24T19:56:24,purchase,17.0,2026-01-24
1600,1914,u0034,2026-01-20T20:08:18,click,67.0,2026-01-20
1601,1915,u0136,2026-03-17T00:20:00,login,152.0,2026-03-17
1602,1916,u0009,2026-02-18T19:23:14,purchase,66.0,2026-02-18
1603,1918,u0159,2026-01-25T12:56:23,scroll,16.0,2026-01-25
1604,1919,u0041,2026-02-25T09:36:45,login,140.0,2026-02-25
1605,1920,u0179,2026-02-20T11:05:37,scroll,19.0,2026-02-20
1606,1922,u0024,2026-02-12T01:42:31,scroll,74.0,2026-02-12
1607,1923,u0007,2026-01-28T14:11:53,click,78.0,2026-01-28
1608,1924,u0170,2026-01-17T23:38:23,click,49.0,2026-01-17
1609,1925,u0127,2026-04-21T20:29:25,scroll,209.0,2026-04-21
1610,1927,u0079,2026-01-07T19:33:16,view,55.0,2026-01-07
1611,1929,u0188,2026-03-27T00:06:54,login,21.0,2026-03-27
1612,1930,u0125,2026-04-20T21:56:54,click,34.0,2026-04-20
1613,1934,u0050,2026-03-23T20:21:38,purchase,68.0,2026-03-23
1614,1935,u0160,2026-04-29T18:42:58,click,38.0,2026-04-29
1615,1936,u0085,2026-01-19T21:45:12,purchase,10.0,2026-01-19
1616,1937,u0155,2026-04-17T13:53:58,view,82.0,2026-04-17
1617,1939,u0128,2026-01-10T20:48:27,purchase,58.0,2026-01-10
1618,1940,u0069,2026-04-06T01:49:24,click,36.0,2026-04-06
1619,1941,u0194,2026-03-27T16:07:02,scroll,42.0,2026-03-27
1620,1942,u0012,2026-03-02T02:20:32,view,174.0,2026-03-02
1621,1943,u0021,2026-01-01T02:31:03,scroll,10.0,2026-01-01
1622,1944,u0042,2026-01-05T02:49:03,scroll,183.0,2026-01-05
1623,1945,u0018,2026-03-31T10:57:33,scroll,97.0,2026-03-31
1624,1946,u0132,2026-04-14T02:46:58,login,90.0,2026-04-14
1625,1948,u0176,2026-01-28T23:55:21,login,127.0,2026-01-28
1626,1950,u0091,2026-02-10T13:11:15,purchase,92.0,2026-02-10
1627,1952,u0046,2026-04-27T14:41:55,purchase,0.0,2026-04-27
1628,1953,u0132,2026-03-22T12:16:59,scroll,47.0,2026-03-22
1629,1954,u0028,2026-02-25T07:19:30,scroll,1127.0,2026-02-25
1630,1955,u0013,2026-01-20T22:28:20,purchase,62.0,2026-01-20
1631,1956,u0037,2026-02-15T01:10:52,scroll,104.0,2026-02-15
1632,1957,u0030,2026-02-01T05:46:17,purchase,70.0,2026-02-01
1633,1958,u0140,2026-03-30T23:02:36,view,55.0,2026-03-30
1634,1959,u0190,2026-01-17T08:41:05,view,21.0,2026-01-17
1635,1960,u0018,2026-04-02T09:24:12,view,5.0,2026-04-02
1636,1961,u0129,2026-03-08T00:49:06,scroll,7.0,2026-03-08
1637,1962,u0058,2026-04-14T18:53:47,purchase,665.0,2026-04-14
1638,1964,u0068,2026-01-13T02:17:54,view,6.0,2026-01-13
1639,1965,u0061,2026-01-14T13:08:28,purchase,366.0,2026-01-14
1640,1967,u0116,2026-04-20T05:06:04,view,132.0,2026-04-20
1641,1968,u0176,2026-01-19T04:23:43,purchase,18.0,2026-01-19
1642,1969,u0092,2026-04-01T20:41:34,click,195.0,2026-04-01
1643,1971,u0179,2026-03-07T16:18:25,purchase,130.0,2026-03-07
1644,1973,u0162,2026-01-12T00:04:07,scroll,28.0,2026-01-12
1645,1974,u0167,2026-01-03T01:35:05,purchase,9.0,2026-01-03
1646,1976,u0172,2026-03-18T07:01:44,click,138.0,2026-03-18
1647,1977,u0093,2026-02-23T16:08:47,purchase,1059.0,2026-02-23
1648,1978,u0174,2026-04-11T02:26:14,scroll,11.0,2026-04-11
1649,1979,u0073,2026-04-06T19:37:31,view,0.0,2026-04-06
1650,1980,u0087,2026-04-01T04:54:41,login,32.0,2026-04-01
1651,1982,u0025,2026-04-15T15:07:06,purchase,50.0,2026-04-15
1652,1983,u0058,2026-01-23T04:06:00,login,76.0,2026-01-23
1653,1984,u0083,2026-04-03T17:47:08,click,67.0,2026-04-03
1654,1985,u0126,2026-03-21T20:01:47,purchase,160.0,2026-03-21
1655,1986,u0085,2026-01-02T13:41:49,login,49.0,2026-01-02
1656,1987,u0188,2026-03-01T02:32:24,click,74.0,2026-03-01
1657,1988,u0144,2026-03-28T07:33:52,purchase,70.0,2026-03-28
1658,1989,u0142,2026-02-17T17:41:43,click,56.0,2026-02-17
1659,1990,u0164,2026-02-05T01:54:37,scroll,0.0,2026-02-05
1660,1991,u0092,2026-04-03T16:37:42,login,9.0,2026-04-03
1661,1992,u0150,2026-04-27T21:57:39,view,41.0,2026-04-27
1662,1994,u0068,2026-04-07T00:17:39,purchase,132.0,2026-04-07
1663,1995,u0179,2026-01-10T09:15:43,scroll,148.0,2026-01-10
1664,1996,u0042,2026-01-06T13:48:19,login,16.0,2026-01-06
1665,1997,u0199,2026-04-01T18:44:42,click,57.0,2026-04-01
1666,1998,u0028,2026-03-27T12:22:28,click,21.0,2026-03-27
1667,1999,u0177,2026-01-19T18:57:56,click,103.0,2026-01-19
